"","source","lon","lat","z","Tg","PPFD","vpd","alpha","nhx","noy","ndep","nre","pft"
"1","Du",-72.83,-51.37,739,7.35587579532151,257.799207517574,0.646052182693768,0.943714838998317,0.056803391167992,0.0111511483494388,0.0679545395174309,0.81729748,"forest"
"2","Du",-72.73,-45.45,282,10.0510017934435,264.968749116328,0.462308062374306,0.986062709270965,0.0264432279295043,0.0163183703430389,0.0427615982725432,0.55045597,"forest"
"3","Du",-74.09,-42.62,84,12.5049022727906,329.745490438374,0.436096609319163,0.98147092475527,0.0194077205501105,0.0112032000171511,0.0306109205672615,0.59213761,"forest"
"4","Du",-73.93,-42.12,43,12.9052595602777,341.46408158007,0.446219730105163,0.975727540890467,0.0524084775855667,0.0199078842997551,0.0723163618853218,0.58674508,"forest"
"5","Du",-72.47,-41.87,597,11.6921824424408,333.93826482224,0.599213787984519,0.944152060338956,0.0965408306372793,0.0343453129263301,0.130886143563609,0.6465625,"forest"
"6","Du",-72.57,-41.15,261,13.0824472091389,358.686734289816,0.547004570217648,0.94089094536277,0.0965408306372793,0.0343453129263301,0.130886143563609,0.64207243,"forest"
"7","Du",-71.6,-41.1,1124,11.2786214048253,370.938018578387,0.777017170439617,0.899736496646621,0.0897295945569089,0.0334825182431623,0.123212112800071,0.6424,"forest"
"8","Du",-71.7,-40.93,1545,10.2422942952333,376.878786305557,0.856362260355838,0.8896246389064,0.101963165559267,0.038086681969856,0.140049847529123,0.7648,"forest"
"9","Du",-71.55,-40.8,1221,11.1539069756217,376.140698963118,0.80144166227239,0.896491316375275,0.101963165559267,0.038086681969856,0.140049847529123,0.61,"forest"
"10","Du",-71.1,-40.6,1770,9.65301279135477,381.143304166548,0.83826698328302,0.883155563709814,0.101963165559267,0.038086681969856,0.140049847529123,0.82752,"forest"
"11","Du",-71.39,-40.5,1095,11.9035714923849,387.59197895625,0.805789886037282,0.893915429229933,0.101963165559267,0.038086681969856,0.140049847529123,0.654335104,"forest"
"12","Du",-71.23,-40.5,1048,12.2565875802047,397.251099126149,0.834505925405467,0.88624845251072,0.101963165559267,0.038086681969856,0.140049847529123,0.59025,"forest"
"13","Du",-71.6,-40.1,1396,11.6723558268428,403.005197098793,0.892556821740052,0.879088639051567,0.101963165559267,0.038086681969856,0.140049847529123,0.7256,"forest"
"14","Du",-72.02,-40.05,1252,11.7066866128617,390.148099597515,0.826891973519007,0.894722702800449,0.111388736257428,0.0395150255215795,0.150903761779007,0.70657154,"forest"
"15","Du",-71.4,-39.6,1089,13.0599394971807,416.589873899068,0.884139984521044,0.87952287422505,0.0921317958518078,0.0480261772478882,0.140157973099696,0.59025,"forest"
"16","Du",176.9,-38.6,626,13.8211210703852,374.412955681981,0.535690041643388,0.994670453250015,0.150602719501445,0.0457431919088489,0.196345911410294,0.4198152344,"forest"
"17","Du",-73.22,-37.7,828,14.3544312580172,449.499392323949,0.842226605313779,0.882887896625573,0.0688755759283116,0.0546582837245966,0.123533859652908,0.524101252,"forest"
"18","Du",149.15,-37.6,145,17.4558263601325,431.424482884868,0.832340612346318,0.940816654140586,0.0510119819327405,0.117826682564459,0.1688386644972,0.70126,"forest"
"19","Du",-71.42,-37.38,1282,14.081326250761,482.260440367416,0.99286796331806,0.838917855027299,0.0822117724700978,0.0638079400125303,0.146019712482628,0.62433796,"forest"
"20","Du",-71.75,-36.75,542,15.7776789785565,487.437550974962,0.852128641116135,0.83932740653588,0.0813668029088723,0.065321777996264,0.146688580905136,0.441,"forest"
"21","Du",146,-36,130,20.2922089075365,474.527102986467,1.39212636626905,0.850166565959049,0.149267039800945,0.184605687856674,0.333872727657619,0.4705714286,"forest"
"22","Du",151.29,-33.58,99,20.8099918328892,445.048865431066,1.17749564164599,0.954559819616625,0.0630383064088069,0.175194618733306,0.238232925142113,0.52415086,"forest"
"23","Du",151,-33,253,20.3696652563635,452.223273398165,1.27191694425795,0.948698073689646,0.0630383064088069,0.175194618733306,0.238232925142113,0.658285,"forest"
"24","Du",146.15,-32.97,197,22.4918616052403,507.629890238857,1.81956316338716,0.811708003033524,0.089425051290738,0.142334044763916,0.231759096054654,0.45154729,"forest"
"25","Du",115.7,-30.1,283,23.3034142873971,546.766249206491,1.82774850927901,0.774729467748402,0.0269362900013986,0.0540611504724151,0.0809974404738138,0.4784199167,"forest"
"26","Du",31.95,-28.22,314,24.9977879112707,459.388222486307,1.32961057454128,0.945462206227422,0.130243150811446,0.297897858055014,0.428141008866461,0.4587707487,"forest"
"27","Du",-58,-27.5,66,25.2561109497343,468.992283127689,1.34857669138839,0.981298284811111,0.433487241205416,0.186622693350441,0.620109934555857,0.4036123743,"forest"
"28","Du",-47.63,-21.7,640,25.878371457131,467.770821613495,1.43590561793173,0.978988749104469,0.526457065030148,0.192844695950809,0.719301760980957,0.4523621976,"forest"
"29","Du",-54.41,-16.5,292,30.1614725697559,494.178463480994,1.76886632067574,0.927633496677746,0.480088321786178,0.165600224545127,0.645688546331305,0.442144,"forest"
"30","Du",-47.9,-15.93,1066,26.2788944466558,496.172750637225,1.49511901719605,0.923315721764624,0.427634443107404,0.12161496360051,0.549249406707914,0.608276,"forest"
"31","Du",-47.87,-15.92,1162,25.8027042847169,497.714130379293,1.44844784022189,0.925681675826777,0.427634443107404,0.12161496360051,0.549249406707914,0.4298333333,"forest"
"32","Du",-56.07,-15.73,187,30.7265137646787,495.732533273949,1.78057728513513,0.945765328153592,0.339252702499691,0.178515249961301,0.517767952460992,0.44737,"forest"
"33","Du",-74.35,-4.73,113,30.108229027808,378.200889618542,1.40470370461425,0.999583591470893,0.0946945379439153,0.0900506636029796,0.184745201546895,0.328896,"forest"
"34","Du",-61.33,-3.33,40,30.229698711619,404.534017020162,1.17782727109665,0.99474118451416,0.129249896658094,0.106902047991753,0.236151944649847,0.4416666667,"forest"
"35","Du",-67.05,1.93,94,29.7129463426414,357.393544875218,1.21737023944907,0.999958052484225,0.0849669752152343,0.0814455414288922,0.166412516644126,0.4414285714,"forest"
"36","Du",9,5.18,365,28.6397159504394,362.260265550627,1.24937873521916,0.971782548418725,0.395083697218644,0.391784013886201,0.786867711104845,0.2954545455,"forest"
"37","Du",116.55,6.08,3760,11.1416229867043,350.684378280079,NA,1.00401015058007,0.0989672753371691,0.11112546018864,0.210092735525809,0.4761567895,"forest"
"38","Du",80.82,6.92,1931,20.1251609330564,431.455301995317,0.456088789371993,1.03838770536457,0.114053456406844,0.205328494310379,0.319381950717223,0.3292,"forest"
"39","Du",80.65,7.15,946,25.2587239062465,450.091603088836,0.949095716231885,0.995653479078492,0.132636412978172,0.192989254468366,0.325625667446538,0.49222,"forest"
"40","Du",-66.14,7.59,50,31.26502607171,471.533964558844,1.80783416111909,0.903987404748848,0.305225400548232,0.131807422167376,0.437032822715609,0.55384,"forest"
"41","Du",-70.28,8.64,279,30.0463788789184,443.452999541323,1.58985078403043,0.950091257232501,0.249888879688163,0.185552640180839,0.435441519869001,0.48052,"forest"
"42","Du",-67.37,8.85,91,31.1321968646128,463.299539055025,1.80084144724142,0.905051847665108,0.456966745226007,0.17580398838771,0.632770733613717,0.45634,"forest"
"43","Du",-62.73,9,50,29.7884072266193,487.659016358147,1.39900146278565,0.954695334030404,0.150872903434854,0.0921255522652676,0.242998455700121,0.51718,"forest"
"44","Du",-79.84,9.11,64,28.6054259885363,425.627937448383,1.04853468220907,0.967540719435078,0.141763634587589,0.182914680556247,0.324678315143836,0.42176225,"forest"
"45","Du",-64.28,10.35,190,29.1975189030449,514.286915192205,1.3688636936814,0.901011047450468,0.0931911080291397,0.0908027479523107,0.18399385598145,0.5905,"forest"
"46","Du",-1.4,10.43,163,32.3266825257903,527.2011893818,2.66854706707858,0.86377548266846,0.203143180200928,0.274488748688447,0.477631928889375,0.5923955556,"forest"
"47","Du",-76.65,18.1,1465,19.3788516896003,531.106692313329,NA,1.05160999367561,0.0673090935145554,0.127248498562135,0.194557592076691,0.3615909091,"forest"
"48","Du",-99.02,18.47,1120,29.5051484805086,550.495533593835,2.311905530935,0.846727914337383,0.186937896828902,0.322121827225936,0.509059724054838,0.4216693333,"forest"
"49","Du",-95.11,18.58,486,27.5147220776729,475.763141795058,1.4779414759588,0.957844673337903,0.358379335779893,0.28274109332185,0.641120429101743,0.4514,"forest"
"50","Du",-155.29,19.38,1072,21.7695328068879,523.794439710569,0.815915437653026,0.961042144318131,0.0204706946878057,0.0364741373218988,0.0569448320097045,0.2906590826,"forest"
"51","Du",-105.02,19.48,207,30.3731571802734,556.67419095458,1.99088106899473,0.831542105781062,0.125028447885262,0.309863843415913,0.434892291301175,0.3515,"forest"
"52","Du",-101.34,19.62,2485,20.2814708089684,552.379648704082,1.35336568298842,0.84354587785363,0.273758629434987,0.367620326970753,0.64137895640574,0.844,"forest"
"53","Du",-155.47,19.83,3972,11.3077866175965,530.500656142327,0.222137431171496,0.905832917231793,0.0204706946878057,0.0364741373218988,0.0569448320097045,0.457,"forest"
"54","Du",100.42,21.45,1225,23.9275905849014,381.280339197278,1.24160952841237,0.958547112390779,0.450060624825327,0.255941267860563,0.70600189268589,0.4922857143,"forest"
"55","Du",-159.53,22.1,765,21.655826104245,481.227270052401,0.807488698221129,0.996254505706591,0.0165473439387585,0.0594708845019341,0.0760182284406925,0.7,"forest"
"56","Du",112.9,22.68,50,24.5987981765452,433.991518329277,0.990279770734406,0.976337478467223,0.291602319792697,0.518884274520372,0.810486594313069,0.587462875,"forest"
"57","Du",112.54,23.16,278,23.1395472628955,394.870677698053,0.945381756078737,0.985316244800988,0.503398274120532,0.71162476037678,1.21502303449731,0.50170224,"forest"
"58","Du",117.41,23.63,0,24.9084004818815,426.742524059391,1.06287910746439,0.972496365076015,0.288202045779479,0.555614356931887,0.843816402711366,0.6202695,"forest"
"59","Du",117.35,24.5,64,24.2550972000293,420.378484938567,1.02300729713459,0.974946102232518,0.354643305665568,0.574994618955411,0.92963792462098,0.56136486,"forest"
"60","Du",107.93,25.28,866,19.4629115269194,338.501070815013,0.818163227998377,0.997717238949644,0.536944041126653,0.47053808601279,1.00748212713944,0.38500718,"forest"
"61","Du",101.54,25.41,2072,19.2474128899428,415.421898011028,1.12277622542075,0.943779034347278,0.417172264111669,0.321998235426451,0.739170499538121,0.708,"forest"
"62","Du",116.41,25.68,290,22.3479005113296,383.221502506095,1.04030443395205,0.987987168943212,0.455621349184137,0.604284501389453,1.05990585057359,0.5246155,"forest"
"63","Du",101.82,25.83,1157,25.4576222185114,421.468372289938,1.48038517038101,0.935488032417801,0.417172264111669,0.321998235426451,0.739170499538121,0.7135304,"forest"
"64","Du",114.28,26.09,569,20.0756004044993,372.647193486122,0.861542787586166,0.993557847943917,0.421221282921339,0.6403753945702,1.06159667749154,0.49924,"forest"
"65","Du",117.45,26.17,211,22.0642068793953,377.746904891413,0.976778918581561,0.989220220515295,0.43820952114306,0.617824683063909,1.05603420420697,0.4381521835,"forest"
"66","Du",117.48,26.19,393,21.4344861358073,375.124734496542,0.925526989272842,0.991476839928293,0.43820952114306,0.617824683063909,1.05603420420697,0.4518161773,"forest"
"67","Du",105.79,26.29,1377,17.3514728711078,347.587250423446,0.764130805761756,0.995404423993136,0.618564015940616,0.523069441318512,1.14163345725913,0.3390488,"forest"
"68","Du",106.99,26.47,1101,17.823005629369,335.890898431705,0.736776009562188,0.998022715803631,0.592763492935582,0.544665068387985,1.13742856132357,0.661472,"forest"
"69","Du",117.72,26.51,218,21.4090320585553,364.336320949927,0.958829759061959,0.993040853999985,0.43820952114306,0.617824683063909,1.05603420420697,0.509045,"forest"
"70","Du",115.06,26.73,92,21.5988547977443,369.686877395447,1.02872214384128,0.990341044564694,0.421221282921339,0.6403753945702,1.06159667749154,0.475617125,"forest"
"71","Du",128.25,26.75,257,21.7203272063683,405.980322463789,0.832172964654304,0.99965630608878,0.147287170353689,0.268472150752419,0.415759321106108,0.32257,"forest"
"72","Du",109.6,26.85,481,18.9073653005881,323.548939925281,0.786786730193266,0.996574131955146,0.595824941208488,0.66699185810591,1.2628167993144,0.4760601915,"forest"
"73","Du",83.6,27.28,104,29.4875646241985,486.352087665991,2.10333248556516,0.867459151465936,1.35866534082513,0.572157916269804,1.93082325709494,0.6140527708,"forest"
"74","Du",114.5,27.29,335,19.893915966208,367.734717142571,0.872157409855563,0.993114321413964,0.432047407878073,0.696193494294819,1.12824090217289,0.532,"forest"
"75","Du",37,28,1069,25.3991101575568,595.664301961529,2.72044091569284,0.554120991863109,0.05556259402319,0.126465332743369,0.182027926766559,0.5548625,"forest"
"76","Du",117.79,28.41,102,20.557953172385,366.914276763787,0.944156958768955,0.995390832772283,0.490323967055271,0.693363537913875,1.18368750496915,0.7651015,"forest"
"77","Du",106.37,29.75,248,20.3968471626723,314.721009979667,0.828018312063643,0.998837028146935,0.804870708992607,0.795341955988031,1.60021266498064,0.465622,"forest"
"78","Du",121.78,29.8,140,18.726329582378,383.592512403775,0.697830722546767,0.997720230967807,0.371458916287673,0.552669308687511,0.924128224975184,0.379042,"forest"
"79","Du",121.65,29.87,4,18.8225092691282,388.9097319422,0.710132462747033,0.996983068275746,0.371458916287673,0.552669308687511,0.924128224975184,0.497095,"forest"
"80","Du",121.63,30.99,4,18.5567043037287,389.858409549106,0.738347216287135,0.995818600492836,0.383438270342977,0.597695356921146,0.981133627264123,0.415,"forest"
"81","Du",121.12,32.46,4,17.9053459773759,394.669145255882,0.764971557535784,0.992622666386067,0.394600131009754,0.540007376357129,0.934607507366883,0.4649,"forest"
"82","Du",-106.78,32.48,1399,21.8010271225774,550.188321491308,1.93784000218355,0.726269423186753,0.401260903007106,0.248133513488268,0.649394416495373,0.3966666667,"forest"
"83","Du",-106.75,32.62,1315,22.2123017141734,550.625863635971,1.97784786414136,0.717098584417082,0.401260903007106,0.248133513488268,0.649394416495373,0.533,"forest"
"84","Du",111.93,33.47,1313,13.0539171837668,383.535691746322,0.883841748277397,0.969425168351175,0.822108529115978,0.908330600512655,1.73043912962863,0.637,"forest"
"85","Du",120.48,33.58,0,17.6406891970496,399.921965044203,0.785784938418048,0.990241064001549,0.727235928962105,0.84202033595035,1.56925626491245,0.4948,"forest"
"86","Du",107.42,33.9,2536,7.87851660420863,381.529804546835,0.621606407092124,0.97356885234066,0.756922794015784,0.673374150928698,1.43029694494448,0.645632,"forest"
"87","Du",107.35,34.04,1746,11.5024100273296,374.26088379369,0.729912800644553,0.972409946575321,0.752243189435256,0.631120132772546,1.3833633222078,0.7490416,"forest"
"88","Du",-83,35,513,18.3665174420711,421.608084027797,0.984051494227726,0.985419147751239,0.196235077161538,0.950228644044776,1.14646372120631,0.46,"forest"
"89","Du",119.63,35.54,0,16.2759265733393,417.119324792111,0.788003606084825,0.965342470447493,0.428110361099243,0.550960962709628,0.979071323808871,0.493,"forest"
"90","Du",-79.83,35.97,255,18.8767705094249,421.314615453602,1.05543641012998,0.984197768441389,0.213483484167802,1.05171879969145,1.26520228385925,0.66362,"forest"
"91","Du",40.71,36.05,275,24.2405932959091,515.564526313678,2.44327826866898,0.737028744674293,0.402685339513578,0.272932556114699,0.675617895628277,0.564936,"forest"
"92","Du",109.17,36.08,1208,14.1413027338031,422.346117246041,1.01548597352034,0.917905369084641,0.722359594545866,0.514329988705485,1.23668958325135,0.4828955,"forest"
"93","Du",-122.98,36.65,0,17.9842880539964,498.353203560601,0.85660472465844,0.792044078199207,0.0537274564175229,0.302852999222906,0.356580455640429,0.5693511667,"forest"
"94","Du",107.17,37.62,1601,12.4021853357123,466.914424852291,1.00805285926324,0.811738603726042,0.694856380161486,0.386369280124965,1.08122566028645,0.6602928,"forest"
"95","Du",-119.67,38.67,2257,12.8537280367654,508.185357659797,1.19314626288245,0.807358148221353,0.0968616883221426,0.286973187797948,0.38383487612009,0.494,"forest"
"96","Du",-82.6,39.6,329,14.4914297899305,389.684441326532,0.798339441959446,0.988285706976447,0.414708037125437,1.09359312057495,1.50830115770039,0.467125,"forest"
"97","Du",115.5,39.92,869,13.9710650085447,446.558410927819,1.06898720628839,0.906621617703027,0.775435293975629,0.724009830700724,1.49944512467635,0.681661147166667,"forest"
"98","Du",-7.33,40.17,451,18.3037863625025,443.361471844562,1.11770304986139,0.884775234701461,0.206341292513044,0.380805740230962,0.587147032744006,0.441008,"forest"
"99","Du",-6.72,40.32,894,15.615781140399,427.571748904699,1.01004668435484,0.894808805214958,0.352832891439137,0.383450105002052,0.736282996441189,0.35,"forest"
"100","Du",96.88,40.87,1707,13.6366518782051,531.850825693609,1.20312842937237,0.451681473163331,0.0662644583927958,0.0760333373358375,0.142297795728633,0.5177305,"forest"
"101","Du",40.94,40.9,1424,12.9055358046764,406.213179224404,0.854171778573883,0.95406604437105,0.307463324383685,0.341741340725045,0.649204665108731,0.449,"forest"
"102","Du",14.02,40.93,4,19.3803928534956,421.871736025264,1.00795068513966,0.893274547256681,0.324064182607751,0.483697326559769,0.807761509167521,0.65251,"forest"
"103","Du",40.95,40.98,771,15.252858744257,389.350781762013,0.908298190536866,0.970411881307363,0.307463324383685,0.341741340725045,0.649204665108731,0.417,"forest"
"104","Du",-5.7,41,783,16.4471690445595,431.966418032306,1.09354327977872,0.885062101736328,0.792307637239757,0.391383167944456,1.18369080518421,0.55859819685,"forest"
"105","Du",40.99,41,611,15.8114276692104,384.93275180509,0.919078085792619,0.974840122552731,0.307463324383685,0.341741340725045,0.649204665108731,0.416,"forest"
"106","Du",-71.57,41.41,51,14.0279340388949,390.522661975427,0.777076486669411,0.981633050729535,0.141405175390996,0.811817824840546,0.953223000231542,0.545,"forest"
"107","Du",1.02,41.67,288,18.742395198005,443.706996189903,1.10993865316951,0.893709528444223,0.307779850144135,0.345704277879313,0.653484128023449,0.583,"forest"
"108","Du",2.4,41.8,1333,12.1139006135289,421.052537626172,0.672970061210866,0.96470716861527,0.196474807827096,0.324501164649662,0.520975972476758,0.436,"forest"
"109","Du",124.91,41.85,718,14.6888979388352,419.729079765984,0.813594350053493,0.998657949991409,0.632338370147504,0.495098341452448,1.12743671159995,0.664875318,"forest"
"110","Du",8.86,42.14,812,13.8559078486626,418.11649237743,0.582991494770593,0.914418523922265,0.153531455679944,0.357519069784566,0.51105052546451,0.5738038384,"forest"
"111","Du",-72.18,42.53,361,11.982222386895,355.504127730229,0.723490209462878,0.994994899789715,0.186664338958891,1.07590132638028,1.26256566533917,0.6367541231,"forest"
"112","Du",122.37,42.71,245,14.7304862244958,449.179554248904,0.956243552190171,0.926327323051853,0.840031410518445,0.453666478395462,1.29369788891391,0.702,"forest"
"113","Du",119.02,42.92,635,14.3453647500064,450.417625900908,1.03370114259946,0.888274617662495,0.853525149194818,0.361239218398144,1.21476436759296,0.5249744,"forest"
"114","Du",120.72,42.97,351,14.9455439153096,452.392209862765,1.01567688142609,0.902292185784259,0.853525149194818,0.361239218398144,1.21476436759296,0.59232,"forest"
"115","Du",-71.3,44.06,272,11.3080688726646,361.648861647447,0.638117484489548,0.993818806921385,0.176603919581363,0.800853396716871,0.977457316298234,0.6750282397,"forest"
"116","Du",2.37,44.16,482,15.0597781270695,380.763958082575,0.795596259209142,0.956320744244615,0.607856268945493,0.50890893057773,1.11676519952322,0.4653611781,"forest"
"117","Du",10.4,44.23,1647,4.934804647901,405.743810634452,0.0712513313918189,0.98709843060253,0.576160145433325,0.628458233256089,1.20461837868941,0.6694264,"forest"
"118","Du",87.93,44.28,477,17.212791036955,466.221915835074,1.5069014466149,0.767733925287061,0.196156342562876,0.111863515878979,0.308019858441855,0.313,"forest"
"119","Du",1.08,44.76,205,15.8256272746898,362.182712205031,0.78832803271329,0.959785587712952,0.568462662006679,0.497340903470391,1.06580356547707,0.6040375403,"forest"
"120","Du",6.61,44.84,2183,5.64329986411708,387.316279612472,0.348114136602121,0.992269392100588,0.525340717089804,0.554555478848909,1.07989619593871,0.6178341815,"forest"
"121","Du",-78.17,45.33,438,11.3936300229563,382.870777084587,0.57022062715874,0.991263807620693,0.258868456671112,0.694445578675521,0.953314035346634,0.6839393939,"forest"
"122","Du",127.53,45.38,337,13.9349106102012,423.236460557309,0.7964694903611,0.9844579744978,0.935246696597651,0.342489181380523,1.27773587797817,0.57272,"forest"
"123","Du",5.03,45.53,354,14.2361632793929,360.782543645495,0.730811637762851,0.975875060607595,0.591062649300224,0.594950842229944,1.18601349153017,0.3912403893,"forest"
"124","Du",-75.83,45.67,310,11.7232276818116,376.680423701414,0.585529145107384,0.994001644886658,0.234816563756842,0.704539487236424,0.939356050993267,0.36395925,"forest"
"125","Du",3.82,46.09,980,11.5607846625497,366.048977922582,0.602178937285201,0.982172587101734,0.805822033631174,0.557120373374537,1.36294240700571,0.569982975,"forest"
"126","Du",4.96,46.24,186,14.5730642664064,340.406792940927,0.719560685156395,0.980448247441755,0.794337903198443,0.604778110980988,1.39911601417943,0.4293517073,"forest"
"127","Du",11.83,46.35,1878,4.95762037561096,347.553490607026,0.221149623567906,1.00413360111307,0.676313842597761,0.655429507556714,1.33174335015448,0.585,"forest"
"128","Du",81.27,46.45,348,15.7338273256271,434.851612760441,1.2172524536736,0.8417559269723,0.211260523451002,0.137502366774961,0.348762890225963,0.5794354839,"forest"
"129","Du",2.57,46.59,201,14.5429378264314,336.136101604267,0.676170023353241,0.971854151527468,0.809650094885575,0.541234486981442,1.35088458186702,0.5690474045,"forest"
"130","Du",-83.73,46.7,456,11.3616641291509,413.219574785748,0.550615951692288,0.986567997766589,0.206805127231698,0.528851857310847,0.735656984542546,0.5411231884,"forest"
"131","Du",3.24,47.41,215,14.1991474083697,330.995509420887,0.656494101283768,0.973510850759684,0.980788384613238,0.633010017244439,1.61379840185768,0.6220772736,"forest"
"132","Du",4.62,47.66,377,13.3147590626735,330.215167236529,0.637151547540967,0.984089973092163,1.02145209124214,0.656897359772732,1.67834945101487,0.5935994827,"forest"
"133","Du",-3.7,50.35,126,12.3000041062991,309.31938040372,0.380251882703838,0.985967341779376,0.381357048687182,0.269896074345237,0.651253123032419,0.6132266667,"forest"
"134","Du",121.5,50.93,836,12.2001189927531,434.67401142734,0.709919428136049,0.961213886099724,0.559504116836347,0.164327573619391,0.723831690455738,0.72952,"forest"
"135","Du",24.07,54.75,90,10.1998888492048,266.454073668061,0.459261006154529,0.989981750198529,0.574672388403039,0.632931552435222,1.20760394083826,0.66974,"forest"
"136","Du",16.5,60.82,170,7.45259085733828,247.767631239002,0.335886607531471,0.989802192839589,0.194074581328191,0.395064539030979,0.58913912035917,0.727952,"forest"
"137","Du",-152.3,63.9,231,9.01038065782207,336.018281872162,0.429316003100326,0.976627846931056,0.115247165686206,0.0554546288361675,0.170701794522373,0.679922875,"forest"
"138","Du",100.25,64.32,223,10.4900428282426,376.167082676056,0.598742665808043,0.979679864357259,0.0915916060146533,0.0826266004066718,0.174218206421325,0.786752,"forest"
"139","Du",-147.8,65.9,405,9.06927227477602,356.500981068174,0.450340607214364,0.953105915758087,0.21918297833518,0.0554157850381575,0.274598763373337,0.82334905555,"forest"
"140","Du",18.82,68.35,388,5.13185530762705,216.395655050807,0.291530822669752,0.998777113189952,0.041145837620685,0.1325987310786,0.173744568699285,0.7683613897,"forest"
"141","Dong",172.5,-43.63,14,15.1523673580175,369.833581005315,0.669451040394507,0.938249125463288,0.106491247290059,0.0347247437426918,0.141215991032751,0.5731,"forest"
"142","Dong",-73.43,-40.2,870,11.6663267927406,348.663779071334,0.689353239775346,0.930364123381927,0.0874825853266214,0.0328582978170169,0.120340883143638,0.712,"forest"
"143","Dong",-71.5,-40,1129,12.3700470962254,401.851977461352,0.846548347337473,0.886983080723186,0.101963165559267,0.038086681969856,0.140049847529123,0.6765,"forest"
"144","Dong",-54,-2,1,30.2670465515668,404.831708824401,1.27364002156354,0.958652199781485,0.206645020528844,0.105448699703342,0.312093720232186,0.2949,"forest"
"145","Dong",9,5,541,28.1681887438209,359.985589719976,1.22358529619793,0.971592686967879,0.397788240721351,0.378086493203515,0.775874733924866,0.159385714285714,"forest"
"146","Dong",38,7,1732,23.8480969761857,465.363361744712,1.5213462835172,0.93570926437354,0.410848454425209,0.192979029918972,0.603827484344181,0.3633,"forest"
"147","Dong",-79.96,9.37,18,28.7681548161987,429.427568003617,1.03916071060286,0.970021958443887,0.141763634587589,0.182914680556247,0.324678315143836,0.46592,"forest"
"148","Dong",76.03,11.36,72,30.3610516083628,483.030747774891,1.64703143000607,0.89991910917976,0.51444883252445,0.282630608270043,0.797079440794493,0.425322222222222,"forest"
"149","Dong",-88.1,16.83,0,29.2253427349552,450.613895853126,1.21183440188022,0.982228296146733,0.110240450815151,0.125526065889158,0.235766516704308,0.5284,"forest"
"150","Dong",-65.5,18.17,0,29.1976171915798,498.463709035816,1.48691365236927,0.982644902577456,0.0268047036308991,0.0476582707150986,0.0744629743459978,0.552675,"forest"
"151","Dong",-95.07,18.57,60,29.3163572718262,456.655585038315,1.56925073260929,0.958018744203731,0.358379335779893,0.28274109332185,0.641120429101743,0.363866666666667,"forest"
"152","Dong",-155.8,19.1,630,23.21817352388,524.398451865112,0.893859444649512,0.96486055208686,0.0204706946878057,0.0364741373218988,0.0569448320097045,0.3704,"forest"
"153","Dong",-155.8,19.3,1699,19.5152696807613,524.814641493351,0.686496816459393,0.952140143708022,0.0204706946878057,0.0364741373218988,0.0569448320097045,0.3333,"forest"
"154","Dong",-155.8,19.4,1571,19.955637592787,524.564085669196,0.711442727512166,0.953522280694036,0.0204706946878057,0.0364741373218988,0.0569448320097045,0.2218,"forest"
"155","Dong",-155.25,19.42,1140,21.5323176484093,523.901178651783,0.802675619486255,0.960161986517537,0.0204706946878057,0.0364741373218988,0.0569448320097045,0.381966666666667,"forest"
"156","Dong",-155.8,19.6,1525,20.101120490623,524.466495012953,0.719400960031471,0.954175763903963,0.0204706946878057,0.0364741373218988,0.0569448320097045,0.5484,"forest"
"157","Dong",-155.8,19.7,1588,19.8709341654635,524.662948841187,0.705992372491111,0.953636033777289,0.0204706946878057,0.0364741373218988,0.0569448320097045,0.4535,"forest"
"158","Dong",-155.1,19.7,119,25.2044424737094,523.054674428981,1.00575624628287,0.983487315894979,0.0204706946878057,0.0364741373218988,0.0569448320097045,0.50368125,"forest"
"159","Dong",112.17,23.17,186,23.7382168333183,407.321669297854,0.957344379385487,0.982672096243629,0.503398274120532,0.71162476037678,1.21502303449731,0.35275,"forest"
"160","Dong",87.85,23.25,36,30.1226787992757,473.466624134169,1.79492373274223,0.901498641006989,1.04338544920871,0.701952586048528,1.74533803525724,0.5215,"forest"
"161","Dong",93,24,343,25.9203773004293,410.151803991647,1.20179213225979,0.96578429672092,0.794493615627289,0.401792534087834,1.19628614971512,0.38625,"forest"
"162","Dong",128.2,26.8,0,24.4851948826262,411.375226648707,0.944965547724016,0.99710101610667,0.147287170353689,0.268472150752419,0.415759321106108,0.133,"forest"
"163","Dong",121.7,29.9,4,18.8138241940447,389.14462598354,0.70875458320688,0.996971036056387,0.371458916287673,0.552669308687511,0.924128224975184,0.34754347826087,"forest"
"164","Dong",112,33,180,18.8177355601019,382.668526066536,1.02617792787598,0.984046047290432,0.789633496811515,0.977216802145305,1.76685029895682,0.3596,"forest"
"165","Dong",-118.93,34.1,467,19.1181236608434,549.498893391322,1.11775279334627,0.746276390340853,0.0759898220237933,0.420187678776289,0.496177500800083,0.415,"forest"
"166","Dong",-79.48,34.9,90,20.6179990087874,432.348446628429,1.14118049648962,0.985421568835038,0.211659171079334,1.02202075406125,1.23367992514058,0.6534,"forest"
"167","Dong",-79.08,35.97,163,19.1817002765255,421.098864687587,1.06615482322938,0.984613618822678,0.213483484167802,1.05171879969145,1.26520228385925,0.5319,"forest"
"168","Dong",114,40,875,14.359866493357,449.34345704199,1.09139815162773,0.905786756610531,0.775435293975629,0.724009830700724,1.49944512467635,0.4247,"forest"
"169","Dong",115.28,40.01,1660,11.8064321369385,474.384729460241,1.02926920754184,0.894356172837019,0.747361663140749,0.441907926609642,1.18926958975039,0.61,"forest"
"170","Dong",13.92,40.95,0,19.4171820633621,421.86967594855,1.00951403151025,0.892835129561134,0.189383440896084,0.359364856230585,0.54874829712667,0.55245,"forest"
"171","Dong",128.1,42.4,749,12.9871344133224,423.855154985605,0.736417346643559,0.994437047523921,0.560093697748686,0.403701628509321,0.963795326258007,0.521814285714286,"forest"
"172","Dong",-72.2,42.5,286,12.4287889566286,362.79786175786,0.738776498849418,0.992381691982653,0.186664338958891,1.07590132638028,1.26256566533917,0.505066666666667,"forest"
"173","Dong",-1.1,42.7,814,14.5502938512203,417.264759002272,0.901504573655876,0.938076490502534,0.540510259176555,0.395892941638043,0.936403200814599,0.419,"forest"
"174","Dong",-0.9,42.8,1062,13.1964019873004,417.848343379447,0.842206153585905,0.946864955361192,0.476571790481869,0.435356268757268,0.911928059239137,0.428,"forest"
"175","Dong",-71,44,146,11.8233407799264,367.316303958968,0.670462873503659,0.990874893172813,0.118653356636825,0.666244340570349,0.784897697207175,0.585433333333333,"forest"
"176","Dong",127,45,168,14.6225123108605,428.673944563283,0.862989436032437,0.977765964752109,0.697484154450266,0.358971096967396,1.05645525141766,0.455,"forest"
"177","Dong",-89.17,45.17,461,11.4789523385185,398.861791399438,0.606837229654041,0.991085213650014,0.318218270414754,0.54808447235509,0.866302742769844,0.3637375,"forest"
"178","Dong",-93.17,45.42,278,12.3051473017487,384.830277002748,0.763028634846797,0.987081176278253,0.427479050661388,0.531365777316846,0.958844827978234,0.570833333333333,"forest"
"179","Dong",-93.33,45.67,289,12.2055186486735,383.418259782791,0.76419086457405,0.986574672745938,0.427479050661388,0.531365777316846,0.958844827978234,0.6578,"forest"
"180","Dong",1.28,49.71,190,13.4547296479155,327.685400243719,0.546243198238243,0.96922848868462,0.991004627001913,0.597841708283675,1.58884633528559,0.7032,"forest"
"181","Dong",10.5,50.1,266,11.8280952973319,295.663066588305,0.555835008515986,0.987096771974593,1.21489919486799,0.890825723346911,2.1057249182149,0.611575,"forest"
"182","Dong",-3.7,50.4,96,12.5132852219405,310.90274200266,0.389352790772545,0.983638866027418,0.381357048687182,0.269896074345237,0.651253123032419,0.4837875,"forest"
"183","Dong",-125,50.67,1339,7.01858350490891,306.709031379141,0.382982562433916,0.969885814566006,0.0928988629265835,0.157762758825955,0.250661621752538,0.505,"forest"
"184","Dong",5.78,52.25,34,12.5468629426505,288.081550690461,0.494295419691775,0.985227549537813,0.764407390042355,0.749218131366529,1.51362552140888,0.74,"forest"
"185","Dong",27.05,62.65,108,8.10574862603148,239.143685168607,0.385390951916747,0.992885876267726,0.15302899479866,0.418081678842243,0.571110673640904,0.5812375,"forest"
"186","Dong",17.23,65.03,396,7.18122700280979,268.606627402874,0.359120741417275,0.997432617025013,0.0795810626525628,0.221308076067975,0.300889138720537,0.580333333333333,"forest"
"187","Du",-71.42,-45.58,NA,NA,NA,NA,NA,NA,NA,NA,0.7413274233,"grassland"
"188","Du",-70.33,-45.42,NA,NA,NA,NA,NA,NA,NA,NA,0.6366662498,"grassland"
"189","Du",-65.38,-42.65,NA,NA,NA,NA,NA,NA,NA,NA,0.7164817582,"grassland"
"190","Du",-63.75,-38.75,NA,NA,NA,NA,NA,NA,NA,NA,0.556215253,"grassland"
"191","Du",91.08,30.42,NA,NA,NA,NA,NA,NA,NA,NA,0.6164455715,"grassland"
"192","Du",88.59,31.71,NA,NA,NA,NA,NA,NA,NA,NA,0.805917122,"grassland"
"193","Du",87.33,31.79,NA,NA,NA,NA,NA,NA,NA,NA,0.816540109,"grassland"
"194","Du",86.34,31.9,NA,NA,NA,NA,NA,NA,NA,NA,0.811637521,"grassland"
"195","Du",85.57,31.99,NA,NA,NA,NA,NA,NA,NA,NA,0.826346711,"grassland"
"196","Du",84.32,32.27,NA,NA,NA,NA,NA,NA,NA,NA,0.854948706,"grassland"
"197","Du",102,33.98,NA,NA,NA,NA,NA,NA,NA,NA,0.7958139667,"grassland"
"198","Du",104.15,35.95,NA,NA,NA,NA,NA,NA,NA,NA,0.713374,"grassland"
"199","Du",106.48,36,NA,NA,NA,NA,NA,NA,NA,NA,0.42952,"grassland"
"200","Du",81.11,36.13,NA,NA,NA,NA,NA,NA,NA,NA,0.786013009,"grassland"
"201","Du",111.88,41.77,NA,NA,NA,NA,NA,NA,NA,NA,0.6641091667,"grassland"
"202","Du",111.9,41.79,NA,NA,NA,NA,NA,NA,NA,NA,0.661625173,"grassland"
"203","Du",116.68,42.45,NA,NA,NA,NA,NA,NA,NA,NA,0.425,"grassland"
"204","Du",116.7,43.63,NA,NA,NA,NA,NA,NA,NA,NA,0.7377174167,"grassland"
"205","Du",116.48,44.17,NA,NA,NA,NA,NA,NA,NA,NA,0.799727,"grassland"
"206","Du",123.75,44.75,NA,NA,NA,NA,NA,NA,NA,NA,0.778,"grassland"
"207","Dong",-63.75,-38.75,NA,NA,NA,NA,NA,NA,NA,NA,0.38055,"grassland"
"208","Dong",31.87,-24.78,NA,NA,NA,NA,NA,NA,NA,NA,0.66605,"grassland"
"209","Dong",-47.88,-15.93,NA,NA,NA,NA,NA,NA,NA,NA,0.4868,"grassland"
"210","Dong",101.33,37.62,NA,NA,NA,NA,NA,NA,NA,NA,0.6495,"grassland"
"211","Dong",-96.58,39.2,NA,NA,NA,NA,NA,NA,NA,NA,0.553833333333333,"grassland"
"212","Dong",116.28,42.03,NA,NA,NA,NA,NA,NA,NA,NA,0.6215,"grassland"
