lon,lat,site,references,z,year_start,year_end,Begin_year,End_year,pft,contributor,Nmin,PPFD_total,Tg,PPFD,vpd,fAPAR,mapped_age,CNrt,LMA,vcmax25,nhx,noy,ndep,ID
-155.83,58.5,Finzi_Forest81,"Gill and Finzi, 2016",31,1984,2013,1984,2013,Forest,Literatures,0.27,6320.92459461118,6.393995766014785,229.46584120939826,0.3388547717820912,0.343734236453726,15.100819809082285,9.73248217331161,81.06451475100545,131.8930659731586,0.03114084254663724,0.06848827935755253,0.09962912190418977,NA
-155.83,58.5,Finzi_Forest81,"Gill and Finzi, 2016",31,1984,2013,1984,2013,Forest,Literatures,2.25,6320.92459461118,6.393995766014785,229.46584120939826,0.3388547717820912,0.343734236453726,15.100819809082285,9.73248217331161,81.06451475100545,131.8930659731586,0.03114084254663724,0.06848827935755253,0.09962912190418977,NA
-148.3,64.75,Finzi_Forest85,"Gill and Finzi, 2016",242,1984,2013,1984,2013,Forest,Literatures,3.21,6014.219322795537,9.95843070112685,339.6350665442975,0.5107367180587195,0.3772608605789175,62.239582926698475,12.626256673128843,89.65429468803569,131.57363860043935,0.13138661017784706,0.05296473018825054,0.1843513403660976,NA
-148.3,65.75,Finzi_Forest87,"Gill and Finzi, 2016",349,1984,2013,1984,2013,Forest,Literatures,0.93,5769.684670377215,9.272237325040699,349.52678936500917,0.4687551385954935,0.31780188414855576,38.19996077267456,12.552967570540211,84.08186450312469,135.357474611476,0.19095206203368995,0.053277270725140206,0.24422933275883016,NA
-148.25,64.75,Finzi_Forest86,"Gill and Finzi, 2016",215,1984,2013,1984,2013,Forest,Literatures,2.59,6032.995192377154,10.135961561816185,339.47539206822137,0.5240375665237281,0.38594353625906447,63.75584946633124,12.676999139747847,91.12232170100503,131.09398360296694,0.13138661017784706,0.05296473018825054,0.1843513403660976,NA
-148.25,64.75,Finzi_Forest86,"Gill and Finzi, 2016",215,1984,2013,1984,2013,Forest,Literatures,0.55,6032.995192377154,10.135961561816185,339.47539206822137,0.5240375665237281,0.38594353625906447,63.75584946633124,12.676999139747847,91.12232170100503,131.09398360296694,0.13138661017784706,0.05296473018825054,0.1843513403660976,NA
-148.25,64.75,Finzi_Forest86,"Gill and Finzi, 2016",215,1984,2013,1984,2013,Forest,Literatures,0.49,6032.995192377154,10.135961561816185,339.47539206822137,0.5240375665237281,0.38594353625906447,63.75584946633124,12.676999139747847,91.12232170100503,131.09398360296694,0.13138661017784706,0.05296473018825054,0.1843513403660976,NA
-148.25,64.75,Finzi_Forest86,"Gill and Finzi, 2016",215,1984,2013,1984,2013,Forest,Literatures,2.08,6032.995192377154,10.135961561816185,339.47539206822137,0.5240375665237281,0.38594353625906447,63.75584946633124,12.676999139747847,91.12232170100503,131.09398360296694,0.13138661017784706,0.05296473018825054,0.1843513403660976,NA
-148.25,64.75,Finzi_Forest86,"Gill and Finzi, 2016",215,1984,2013,1984,2013,Forest,Literatures,1.82,6032.995192377154,10.135961561816185,339.47539206822137,0.5240375665237281,0.38594353625906447,63.75584946633124,12.676999139747847,91.12232170100503,131.09398360296694,0.13138661017784706,0.05296473018825054,0.1843513403660976,NA
-123.92,44.6,Finzi_Forest60,"Gill and Finzi, 2016",53,1984,2013,1984,2013,Forest,Literatures,4.5,11163.029183283383,14.036441085400526,357.18694562545727,0.5933833963946296,0.5900901872551572,33.968689643067954,11.413233652103623,88.79635667052078,113.47826859942397,0.1338072235767658,0.27404367809112257,0.4078509016678884,NA
-123.92,45.17,Finzi_Forest68,"Gill and Finzi, 2016",78,1984,2013,1984,2013,Forest,Literatures,5.1,11007.747854454756,13.658663748170238,351.1961109310553,0.5674420568547763,0.5596134210952077,32.87477679382836,11.310474864481698,91.93791712314257,114.10919903063255,0.11981122367657147,0.2826686375416242,0.4024798612181957,NA
-123.88,45.73,Finzi_Forest71,"Gill and Finzi, 2016",3,1984,2013,1984,2013,Forest,Literatures,8.2,10668.088250746741,13.410480300483842,340.83279361641155,0.5278199863079638,0.5585614125684005,29.28728859813716,11.343667387051514,92.61449603292027,112.67188130903597,0.11981122367657147,0.2826686375416242,0.4024798612181957,NA
-123.82,44.72,Finzi_Forest65,"Gill and Finzi, 2016",120,1984,2013,1984,2013,Forest,Literatures,4.2,11268.384089310051,14.002836744758197,358.9120983530511,0.6196571585887718,0.5926806525388797,38.411079274342974,11.316757910322645,90.98501840827493,114.2004173959486,0.1338072235767658,0.27404367809112257,0.4078509016678884,NA
-123.8,44.58,Finzi_Forest59,"Gill and Finzi, 2016",208,1984,2013,1984,2013,Forest,Literatures,2.5,11472.193671767558,14.02866484750873,363.60410315256826,0.659086425008927,0.615328137771936,45.230110812182716,11.221326222379004,95.06308841188996,115.55019370285974,0.1338072235767658,0.27404367809112257,0.4078509016678884,NA
-123.8,44.63,Finzi_Forest62,"Gill and Finzi, 2016",214,1984,2013,1984,2013,Forest,Literatures,2.2,11473.58505503309,14.010451690885644,363.4814707751137,0.6596465543537171,0.6154028150328641,45.606934195523486,11.215107262234229,95.3172261784405,115.64524523910619,0.1338072235767658,0.27404367809112257,0.4078509016678884,NA
-123.67,38.8,Finzi_Forest19,"Gill and Finzi, 2016",0,1984,2013,1984,2013,Forest,Literatures,1.3,15335.049569519086,18.372583149083976,480.987773966132,0.9566693045257116,0.4785383603580224,32.753894073438744,9.428509064036497,78.81822853234469,114.3944103616359,0.07393823564052582,0.30069298354478985,0.37463121918531567,NA
-123.67,38.8,Finzi_Forest19,"Gill and Finzi, 2016",0,1984,2013,1984,2013,Forest,Literatures,1.6,15335.049569519086,18.372583149083976,480.987773966132,0.9566693045257116,0.4785383603580224,32.753894073438744,9.428509064036497,78.81822853234469,114.3944103616359,0.07393823564052582,0.30069298354478985,0.37463121918531567,NA
-123.67,44.7,Finzi_Forest64,"Gill and Finzi, 2016",192,1984,2013,1984,2013,Forest,Literatures,3.7,11415.393579406806,14.037576676144633,361.68816113503726,0.6568775726274794,0.611830027511081,44.72705458653383,11.146530492822661,94.55148212523451,114.605560513018,0.1338072235767658,0.27404367809112257,0.4078509016678884,NA
-123.65,46,Finzi_Forest73,"Gill and Finzi, 2016",282,1984,2013,1984,2013,Forest,Literatures,0.8,10920.741725020356,12.99311668539415,343.8510377577138,0.5940679248563995,0.6205470696229828,49.52193605276747,11.563406074730455,99.81552354431065,117.32600167680513,0.11981122367657147,0.2826686375416242,0.4024798612181957,NA
-123.4,45.8,Finzi_Forest72,"Gill and Finzi, 2016",464,1984,2013,1984,2013,Forest,Literatures,1.2,11226.862625192432,12.635112033657688,351.55455061154646,0.6274632454724751,0.5956971986063377,56.97842254733888,11.810320790920535,105.25799453446595,122.5287322255933,0.11981122367657147,0.2826686375416242,0.4024798612181957,NA
-123.04,38.32,Finzi_Forest18,"Gill and Finzi, 2016",2,1984,2013,1984,2013,Forest,Literatures,6.6,15493.68289535328,18.911368408685448,488.222402568254,1.0531487626688052,0.4134062429380626,24.216093580938164,8.955357860225842,81.1839747482488,111.68046390995636,0.07393823564052582,0.30069298354478985,0.37463121918531567,NA
-122.32,44.63,Finzi_Forest63,"Gill and Finzi, 2016",709,1984,2013,1984,2013,Forest,Literatures,5.92,12067.96198892085,12.810959385848145,380.6154074921523,0.74395193225580325,0.5252121746387383,51.43537422356333,12.063174051551744,101.99183869260705,131.86528226800354,0.16877509997441217,0.32722007769804734,0.4959951776724595,NA
-122.18,44.23,Finzi_Forest54,"Gill and Finzi, 2016",751,1984,2013,1984,2013,Forest,Literatures,1.8,12297.542779271895,13.060674799173068,388.72451779389803,0.793488091222957,0.48885064975500325,46.74704334438114,11.660713357891062,97.47849414175073,133.1119598084002,0.16877509997441217,0.32722007769804734,0.4959951776724595,NA
-122.18,44.23,Finzi_Forest54,"Gill and Finzi, 2016",751,1984,2013,1984,2013,Forest,Literatures,1.7,12297.542779271895,13.060674799173068,388.72451779389803,0.793488091222957,0.48885064975500325,46.74704334438114,11.660713357891062,97.47849414175073,133.1119598084002,0.16877509997441217,0.32722007769804734,0.4959951776724595,NA
-122.18,44.23,Finzi_Forest54,"Gill and Finzi, 2016",751,1984,2013,1984,2013,Forest,Literatures,1.45,12297.542779271895,13.060674799173068,388.72451779389803,0.793488091222957,0.48885064975500325,46.74704334438114,11.660713357891062,97.47849414175073,133.1119598084002,0.16877509997441217,0.32722007769804734,0.4959951776724595,NA
-113.71,55.13,Finzi_Forest78,"Gill and Finzi, 2016",649,1984,2013,1984,2013,Forest,Literatures,2,8524.152131311723,9.77154952729652,366.5361631545359,0.5835521195242538,0.38710236321153574,53.739669722507216,13.509679671060741,103.1623230077993,159.76268440630614,0.1212956948349109,0.1285038782426944,0.2497995730776053,NA
-111.76,55.42,Finzi_Forest79,"Gill and Finzi, 2016",628,1984,2013,1984,2013,Forest,Literatures,1.41,8365.6394543534,10.294381215727,384.3696058833287,0.5997178040434594,0.39639003853994625,64.38830470011486,14.687941269788059,106.51376609653083,163.8717569629898,0.13537254929542542,0.13144228177574965,0.2668148310711751,NA
-111.65,35.8,Finzi_Forest13,"Gill and Finzi, 2016",1910,1984,2013,1984,2013,Forest,Literatures,2.16,17087.22676233128,16.012065558525226,538.7169274442936,1.4245963861421795,0.1866616338768164,27.421999898161005,8.32201908290903,101.11516296730534,137.6975091576238,0.29078592703892636,0.2691352768586232,0.5599212038975496,NA
-111.63,35.2,Finzi_Forest10,"Gill and Finzi, 2016",2122,1984,2013,1984,2013,Forest,Literatures,0.93,17098.58622487191,15.04463178069683,538.4047885206937,1.283420351342402,0.20303318165506745,30.751049921220748,8.571587743892719,103.79216913929707,140.14674586914023,0.29078592703892636,0.2691352768586232,0.5599212038975496,NA
-111.48,57.23,Finzi_Forest80,"Gill and Finzi, 2016",281,1984,2013,1984,2013,Forest,Literatures,0.2,7862.139670457397,10.921303149271427,384.4035139453431,0.6389668642883363,0.40949128028880527,71.49711186150618,14.392549541607213,100.00424795581961,161.43503996469434,0.15855058110677278,0.10414399779759921,0.262694578904372,NA
-111.48,57.23,Finzi_Forest80,"Gill and Finzi, 2016",281,1984,2013,1984,2013,Forest,Literatures,0.08,7862.139670457397,10.921303149271427,384.4035139453431,0.6389668642883363,0.40949128028880527,71.49711186150618,14.392549541607213,100.00424795581961,161.43503996469434,0.15855058110677278,0.10414399779759921,0.262694578904372,NA
-110.83,44.45,Finzi_Forest58,"Gill and Finzi, 2016",2290,1984,2013,1984,2013,Forest,Literatures,0.89,12268.674038856527,8.997436385978126,441.1124715686225,0.8319834585094791,0.23143148212837691,35.86319660998661,10.458004630389377,93.59296379671312,198.30097659313236,0.11414556893018576,0.1808229902615914,0.29496855919177717,NA
-110.83,44.45,Finzi_Forest58,"Gill and Finzi, 2016",2290,1984,2013,1984,2013,Forest,Literatures,0.62,12268.674038856527,8.997436385978126,441.1124715686225,0.8319834585094791,0.23143148212837691,35.86319660998661,10.458004630389377,93.59296379671312,198.30097659313236,0.11414556893018576,0.1808229902615914,0.29496855919177717,NA
-110.83,44.45,Finzi_Forest58,"Gill and Finzi, 2016",2290,1984,2013,1984,2013,Forest,Literatures,0.74,12268.674038856527,8.997436385978126,441.1124715686225,0.8319834585094791,0.23143148212837691,35.86319660998661,10.458004630389377,93.59296379671312,198.30097659313236,0.11414556893018576,0.1808229902615914,0.29496855919177717,NA
-110.83,44.45,Finzi_Forest58,"Gill and Finzi, 2016",2290,1984,2013,1984,2013,Forest,Literatures,0.59,12268.674038856527,8.997436385978126,441.1124715686225,0.8319834585094791,0.23143148212837691,35.86319660998661,10.458004630389377,93.59296379671312,198.30097659313236,0.11414556893018576,0.1808229902615914,0.29496855919177717,NA
-110.83,44.45,Finzi_Forest58,"Gill and Finzi, 2016",2290,1984,2013,1984,2013,Forest,Literatures,1.26,12268.674038856527,8.997436385978126,441.1124715686225,0.8319834585094791,0.23143148212837691,35.86319660998661,10.458004630389377,93.59296379671312,198.30097659313236,0.11414556893018576,0.1808229902615914,0.29496855919177717,NA
-110.5,44.6,Finzi_Forest61,"Gill and Finzi, 2016",2485,1984,2013,1984,2013,Forest,Literatures,0.71,12006.311535335943,8.27962783071257,442.5193824515286,0.7988399570511884,0.2220476138493227,39.919963074997696,10.668326424169994,94.25656984454302,204.82410916240676,0.11414556893018576,0.1808229902615914,0.29496855919177717,NA
-110.5,44.6,Finzi_Forest61,"Gill and Finzi, 2016",2485,1984,2013,1984,2013,Forest,Literatures,2,12006.311535335943,8.27962783071257,442.5193824515286,0.7988399570511884,0.2220476138493227,39.919963074997696,10.668326424169994,94.25656984454302,204.82410916240676,0.11414556893018576,0.1808229902615914,0.29496855919177717,NA
-110.5,44.6,Finzi_Forest61,"Gill and Finzi, 2016",2485,1984,2013,1984,2013,Forest,Literatures,0.76,12006.311535335943,8.27962783071257,442.5193824515286,0.7988399570511884,0.2220476138493227,39.919963074997696,10.668326424169994,94.25656984454302,204.82410916240676,0.11414556893018576,0.1808229902615914,0.29496855919177717,NA
-110.5,44.6,Finzi_Forest61,"Gill and Finzi, 2016",2485,1984,2013,1984,2013,Forest,Literatures,0.44,12006.311535335943,8.27962783071257,442.5193824515286,0.7988399570511884,0.2220476138493227,39.919963074997696,10.668326424169994,94.25656984454302,204.82410916240676,0.11414556893018576,0.1808229902615914,0.29496855919177717,NA
-110.5,44.6,Finzi_Forest61,"Gill and Finzi, 2016",2485,1984,2013,1984,2013,Forest,Literatures,0.95,12006.311535335943,8.27962783071257,442.5193824515286,0.7988399570511884,0.2220476138493227,39.919963074997696,10.668326424169994,94.25656984454302,204.82410916240676,0.11414556893018576,0.1808229902615914,0.29496855919177717,NA
-108.98,40.53,Finzi_Forest24,"Gill and Finzi, 2016",1629,1984,2013,1984,2013,Forest,Literatures,2.7,14923.599438780042,13.662268564822634,493.36056140088544,1.1621854149787916,0.0952014161627257,NA,7.823773429849922,64.55709692159418,178.68374987632848,0.11469483805390504,0.23765829148200843,0.35235312953591347,NA
-108.98,40.53,Finzi_Forest24,"Gill and Finzi, 2016",1629,1984,2013,1984,2013,Forest,Literatures,2.9,14923.599438780042,13.662268564822634,493.36056140088544,1.1621854149787916,0.0952014161627257,NA,7.823773429849922,64.55709692159418,178.68374987632848,0.11469483805390504,0.23765829148200843,0.35235312953591347,NA
-108.98,40.53,Finzi_Forest24,"Gill and Finzi, 2016",1629,1984,2013,1984,2013,Forest,Literatures,1.9,14923.599438780042,13.662268564822634,493.36056140088544,1.1621854149787916,0.0952014161627257,NA,7.823773429849922,64.55709692159418,178.68374987632848,0.11469483805390504,0.23765829148200843,0.35235312953591347,NA
-108.98,40.53,Finzi_Forest24,"Gill and Finzi, 2016",1629,1984,2013,1984,2013,Forest,Literatures,4.5,14923.599438780042,13.662268564822634,493.36056140088544,1.1621854149787916,0.0952014161627257,NA,7.823773429849922,64.55709692159418,178.68374987632848,0.11469483805390504,0.23765829148200843,0.35235312953591347,NA
-108.98,40.53,Finzi_Forest24,"Gill and Finzi, 2016",1629,1984,2013,1984,2013,Forest,Literatures,7,14923.599438780042,13.662268564822634,493.36056140088544,1.1621854149787916,0.0952014161627257,NA,7.823773429849922,64.55709692159418,178.68374987632848,0.11469483805390504,0.23765829148200843,0.35235312953591347,NA
-108.98,40.53,Finzi_Forest24,"Gill and Finzi, 2016",1629,1984,2013,1984,2013,Forest,Literatures,1.5,14923.599438780042,13.662268564822634,493.36056140088544,1.1621854149787916,0.0952014161627257,NA,7.823773429849922,64.55709692159418,178.68374987632848,0.11469483805390504,0.23765829148200843,0.35235312953591347,NA
-108.98,40.53,Finzi_Forest24,"Gill and Finzi, 2016",1629,1984,2013,1984,2013,Forest,Literatures,4.2,14923.599438780042,13.662268564822634,493.36056140088544,1.1621854149787916,0.0952014161627257,NA,7.823773429849922,64.55709692159418,178.68374987632848,0.11469483805390504,0.23765829148200843,0.35235312953591347,NA
-108.98,40.53,Finzi_Forest24,"Gill and Finzi, 2016",1629,1984,2013,1984,2013,Forest,Literatures,7.9,14923.599438780042,13.662268564822634,493.36056140088544,1.1621854149787916,0.0952014161627257,NA,7.823773429849922,64.55709692159418,178.68374987632848,0.11469483805390504,0.23765829148200843,0.35235312953591347,NA
-107.57,35.25,Finzi_Forest11,"Gill and Finzi, 2016",3105,1984,2013,1984,2013,Forest,Literatures,1.8,17411.984172329212,11.35569729545828,538.6915385405958,0.9971339635958925,0.25480039040930896,24.27605272139959,9.239033210716249,133.6376168677855,199.73889543048966,0.47309920535637784,0.25671813637018204,0.7298173417265599,NA
-106.11,58.5,Finzi_Forest82,"Gill and Finzi, 2016",377,1984,2013,1984,2013,Forest,Literatures,0.65,6880.548595304184,10.43503286911482,407.4277452290824,0.5498287324814664,0.305290723332031,57.06931075550986,16.547931884573856,93.08596143801527,178.64094526616338,0.09454490788854085,0.09664823630681404,0.19119314419535488,NA
-106.11,58.5,Finzi_Forest82,"Gill and Finzi, 2016",377,1984,2013,1984,2013,Forest,Literatures,3.15,6880.548595304184,10.43503286911482,407.4277452290824,0.5498287324814664,0.305290723332031,57.06931075550986,16.547931884573856,93.08596143801527,178.64094526616338,0.09454490788854085,0.09664823630681404,0.19119314419535488,NA
-105.71,40.33,Finzi_Forest23,"Gill and Finzi, 2016",3510,1984,2013,1984,2013,Forest,Literatures,2.99,11542.683009197235,5.345538200301977,510.37145443040407,0.7082075532995371,0.3144599520245166,71.01655871730276,11.82085581871084,113.31349100572277,244.24129160034275,0.18346296480068794,0.33561941866691297,0.5190823834676009,NA
-105.71,40.33,Finzi_Forest23,"Gill and Finzi, 2016",3510,1984,2013,1984,2013,Forest,Literatures,0.15,11542.683009197235,5.345538200301977,510.37145443040407,0.7082075532995371,0.3144599520245166,71.01655871730276,11.82085581871084,113.31349100572277,244.24129160034275,0.18346296480068794,0.33561941866691297,0.5190823834676009,NA
-105.71,40.33,Finzi_Forest23,"Gill and Finzi, 2016",3510,1984,2013,1984,2013,Forest,Literatures,2.43,11542.683009197235,5.345538200301977,510.37145443040407,0.7082075532995371,0.3144599520245166,71.01655871730276,11.82085581871084,113.31349100572277,244.24129160034275,0.18346296480068794,0.33561941866691297,0.5190823834676009,NA
-105.71,40.33,Finzi_Forest23,"Gill and Finzi, 2016",3510,1984,2013,1984,2013,Forest,Literatures,0.9,11542.683009197235,5.345538200301977,510.37145443040407,0.7082075532995371,0.3144599520245166,71.01655871730276,11.82085581871084,113.31349100572277,244.24129160034275,0.18346296480068794,0.33561941866691297,0.5190823834676009,NA
-105.71,40.33,Finzi_Forest23,"Gill and Finzi, 2016",3510,1984,2013,1984,2013,Forest,Literatures,0.31,11542.683009197235,5.345538200301977,510.37145443040407,0.7082075532995371,0.3144599520245166,71.01655871730276,11.82085581871084,113.31349100572277,244.24129160034275,0.18346296480068794,0.33561941866691297,0.5190823834676009,NA
-105.71,40.33,Finzi_Forest23,"Gill and Finzi, 2016",3510,1984,2013,1984,2013,Forest,Literatures,0.21,11542.683009197235,5.345538200301977,510.37145443040407,0.7082075532995371,0.3144599520245166,71.01655871730276,11.82085581871084,113.31349100572277,244.24129160034275,0.18346296480068794,0.33561941866691297,0.5190823834676009,NA
-105.71,40.33,Finzi_Forest23,"Gill and Finzi, 2016",3510,1984,2013,1984,2013,Forest,Literatures,0.14,11542.683009197235,5.345538200301977,510.37145443040407,0.7082075532995371,0.3144599520245166,71.01655871730276,11.82085581871084,113.31349100572277,244.24129160034275,0.18346296480068794,0.33561941866691297,0.5190823834676009,NA
-105.71,40.33,Finzi_Forest23,"Gill and Finzi, 2016",3510,1984,2013,1984,2013,Forest,Literatures,2.74,11542.683009197235,5.345538200301977,510.37145443040407,0.7082075532995371,0.3144599520245166,71.01655871730276,11.82085581871084,113.31349100572277,244.24129160034275,0.18346296480068794,0.33561941866691297,0.5190823834676009,NA
-105.71,40.33,Finzi_Forest23,"Gill and Finzi, 2016",3510,1984,2013,1984,2013,Forest,Literatures,0.46,11542.683009197235,5.345538200301977,510.37145443040407,0.7082075532995371,0.3144599520245166,71.01655871730276,11.82085581871084,113.31349100572277,244.24129160034275,0.18346296480068794,0.33561941866691297,0.5190823834676009,NA
-105.71,40.33,Finzi_Forest23,"Gill and Finzi, 2016",3510,1984,2013,1984,2013,Forest,Literatures,3.8,11542.683009197235,5.345538200301977,510.37145443040407,0.7082075532995371,0.3144599520245166,71.01655871730276,11.82085581871084,113.31349100572277,244.24129160034275,0.18346296480068794,0.33561941866691297,0.5190823834676009,NA
-105.71,40.33,Finzi_Forest23,"Gill and Finzi, 2016",3510,1984,2013,1984,2013,Forest,Literatures,0.44,11542.683009197235,5.345538200301977,510.37145443040407,0.7082075532995371,0.3144599520245166,71.01655871730276,11.82085581871084,113.31349100572277,244.24129160034275,0.18346296480068794,0.33561941866691297,0.5190823834676009,NA
-105.71,40.33,Finzi_Forest23,"Gill and Finzi, 2016",3510,1984,2013,1984,2013,Forest,Literatures,0.41,11542.683009197235,5.345538200301977,510.37145443040407,0.7082075532995371,0.3144599520245166,71.01655871730276,11.82085581871084,113.31349100572277,244.24129160034275,0.18346296480068794,0.33561941866691297,0.5190823834676009,NA
-105.71,40.33,Finzi_Forest23,"Gill and Finzi, 2016",3510,1984,2013,1984,2013,Forest,Literatures,1.12,11542.683009197235,5.345538200301977,510.37145443040407,0.7082075532995371,0.3144599520245166,71.01655871730276,11.82085581871084,113.31349100572277,244.24129160034275,0.18346296480068794,0.33561941866691297,0.5190823834676009,NA
-105.71,40.33,Finzi_Forest23,"Gill and Finzi, 2016",3510,1984,2013,1984,2013,Forest,Literatures,5.14,11542.683009197235,5.345538200301977,510.37145443040407,0.7082075532995371,0.3144599520245166,71.01655871730276,11.82085581871084,113.31349100572277,244.24129160034275,0.18346296480068794,0.33561941866691297,0.5190823834676009,NA
-105.71,40.33,Finzi_Forest23,"Gill and Finzi, 2016",3510,1984,2013,1984,2013,Forest,Literatures,2.59,11542.683009197235,5.345538200301977,510.37145443040407,0.7082075532995371,0.3144599520245166,71.01655871730276,11.82085581871084,113.31349100572277,244.24129160034275,0.18346296480068794,0.33561941866691297,0.5190823834676009,NA
-105.71,40.33,Finzi_Forest23,"Gill and Finzi, 2016",3510,1984,2013,1984,2013,Forest,Literatures,2.61,11542.683009197235,5.345538200301977,510.37145443040407,0.7082075532995371,0.3144599520245166,71.01655871730276,11.82085581871084,113.31349100572277,244.24129160034275,0.18346296480068794,0.33561941866691297,0.5190823834676009,NA
-105.71,40.33,Finzi_Forest23,"Gill and Finzi, 2016",3510,1984,2013,1984,2013,Forest,Literatures,0.58,11542.683009197235,5.345538200301977,510.37145443040407,0.7082075532995371,0.3144599520245166,71.01655871730276,11.82085581871084,113.31349100572277,244.24129160034275,0.18346296480068794,0.33561941866691297,0.5190823834676009,NA
-105.71,40.33,Finzi_Forest23,"Gill and Finzi, 2016",3510,1984,2013,1984,2013,Forest,Literatures,0.21,11542.683009197235,5.345538200301977,510.37145443040407,0.7082075532995371,0.3144599520245166,71.01655871730276,11.82085581871084,113.31349100572277,244.24129160034275,0.18346296480068794,0.33561941866691297,0.5190823834676009,NA
-105.71,40.33,Finzi_Forest23,"Gill and Finzi, 2016",3510,1984,2013,1984,2013,Forest,Literatures,0.21,11542.683009197235,5.345538200301977,510.37145443040407,0.7082075532995371,0.3144599520245166,71.01655871730276,11.82085581871084,113.31349100572277,244.24129160034275,0.18346296480068794,0.33561941866691297,0.5190823834676009,NA
-105.71,40.33,Finzi_Forest23,"Gill and Finzi, 2016",3510,1984,2013,1984,2013,Forest,Literatures,0.56,11542.683009197235,5.345538200301977,510.37145443040407,0.7082075532995371,0.3144599520245166,71.01655871730276,11.82085581871084,113.31349100572277,244.24129160034275,0.18346296480068794,0.33561941866691297,0.5190823834676009,NA
-105.71,40.33,Finzi_Forest23,"Gill and Finzi, 2016",3510,1984,2013,1984,2013,Forest,Literatures,0.41,11542.683009197235,5.345538200301977,510.37145443040407,0.7082075532995371,0.3144599520245166,71.01655871730276,11.82085581871084,113.31349100572277,244.24129160034275,0.18346296480068794,0.33561941866691297,0.5190823834676009,NA
-105.71,40.33,Finzi_Forest23,"Gill and Finzi, 2016",3510,1984,2013,1984,2013,Forest,Literatures,0.89,11542.683009197235,5.345538200301977,510.37145443040407,0.7082075532995371,0.3144599520245166,71.01655871730276,11.82085581871084,113.31349100572277,244.24129160034275,0.18346296480068794,0.33561941866691297,0.5190823834676009,NA
-105.71,40.33,Finzi_Forest23,"Gill and Finzi, 2016",3510,1984,2013,1984,2013,Forest,Literatures,0.07,11542.683009197235,5.345538200301977,510.37145443040407,0.7082075532995371,0.3144599520245166,71.01655871730276,11.82085581871084,113.31349100572277,244.24129160034275,0.18346296480068794,0.33561941866691297,0.5190823834676009,NA
-105.71,40.33,Finzi_Forest23,"Gill and Finzi, 2016",3510,1984,2013,1984,2013,Forest,Literatures,1.34,11542.683009197235,5.345538200301977,510.37145443040407,0.7082075532995371,0.3144599520245166,71.01655871730276,11.82085581871084,113.31349100572277,244.24129160034275,0.18346296480068794,0.33561941866691297,0.5190823834676009,NA
-105.71,40.33,Finzi_Forest23,"Gill and Finzi, 2016",3510,1984,2013,1984,2013,Forest,Literatures,1.19,11542.683009197235,5.345538200301977,510.37145443040407,0.7082075532995371,0.3144599520245166,71.01655871730276,11.82085581871084,113.31349100572277,244.24129160034275,0.18346296480068794,0.33561941866691297,0.5190823834676009,NA
-105.71,40.33,Finzi_Forest23,"Gill and Finzi, 2016",3510,1984,2013,1984,2013,Forest,Literatures,0.76,11542.683009197235,5.345538200301977,510.37145443040407,0.7082075532995371,0.3144599520245166,71.01655871730276,11.82085581871084,113.31349100572277,244.24129160034275,0.18346296480068794,0.33561941866691297,0.5190823834676009,NA
-105.71,40.33,Finzi_Forest23,"Gill and Finzi, 2016",3510,1984,2013,1984,2013,Forest,Literatures,0.15,11542.683009197235,5.345538200301977,510.37145443040407,0.7082075532995371,0.3144599520245166,71.01655871730276,11.82085581871084,113.31349100572277,244.24129160034275,0.18346296480068794,0.33561941866691297,0.5190823834676009,NA
-105.71,40.33,Finzi_Forest23,"Gill and Finzi, 2016",3510,1984,2013,1984,2013,Forest,Literatures,1.22,11542.683009197235,5.345538200301977,510.37145443040407,0.7082075532995371,0.3144599520245166,71.01655871730276,11.82085581871084,113.31349100572277,244.24129160034275,0.18346296480068794,0.33561941866691297,0.5190823834676009,NA
-93.17,42.42,Finzi_Forest36,"Gill and Finzi, 2016",332,1984,2013,1984,2013,Forest,Literatures,4.1,11603.418541661293,13.345415925474999,406.1985367252678,0.7616092715858463,0.3241739189039924,1.7863584392977838,9.370459379702996,90.72285429161263,131.42932437802205,0.5088070516402905,0.6770888498196235,1.185895901459914,NA
-93.17,42.42,Finzi_Forest36,"Gill and Finzi, 2016",332,1984,2013,1984,2013,Forest,Literatures,6.62,11603.418541661293,13.345415925474999,406.1985367252678,0.7616092715858463,0.3241739189039924,1.7863584392977838,9.370459379702996,90.72285429161263,131.42932437802205,0.5088070516402905,0.6770888498196235,1.185895901459914,NA
-93.17,42.42,Finzi_Forest36,"Gill and Finzi, 2016",332,1984,2013,1984,2013,Forest,Literatures,0.1,11603.418541661293,13.345415925474999,406.1985367252678,0.7616092715858463,0.3241739189039924,1.7863584392977838,9.370459379702996,90.72285429161263,131.42932437802205,0.5088070516402905,0.6770888498196235,1.185895901459914,NA
-93.17,45.42,Finzi_Forest69,"Gill and Finzi, 2016",278,1984,2013,1984,2013,Forest,Literatures,8.6,10785.892843957454,12.305147301748725,384.83027700274755,0.7630286348467974,0.3499008128649861,11.669263372655259,9.229097341796265,89.57902546652906,158.9128472778533,0.4246287907545383,0.5327794093352097,0.957408200089748,NA
-93.17,45.42,Finzi_Forest69,"Gill and Finzi, 2016",278,1984,2013,1984,2013,Forest,Literatures,16.1,10785.892843957454,12.305147301748725,384.83027700274755,0.7630286348467974,0.3499008128649861,11.669263372655259,9.229097341796265,89.57902546652906,158.9128472778533,0.4246287907545383,0.5327794093352097,0.957408200089748,NA
-93.17,45.42,Finzi_Forest69,"Gill and Finzi, 2016",278,1984,2013,1984,2013,Forest,Literatures,3.9,10785.892843957454,12.305147301748725,384.83027700274755,0.7630286348467974,0.3499008128649861,11.669263372655259,9.229097341796265,89.57902546652906,158.9128472778533,0.4246287907545383,0.5327794093352097,0.957408200089748,NA
-93.17,45.42,Finzi_Forest69,"Gill and Finzi, 2016",278,1984,2013,1984,2013,Forest,Literatures,6,10785.892843957454,12.305147301748725,384.83027700274755,0.7630286348467974,0.3499008128649861,11.669263372655259,9.229097341796265,89.57902546652906,158.9128472778533,0.4246287907545383,0.5327794093352097,0.957408200089748,NA
-93.17,45.42,Finzi_Forest69,"Gill and Finzi, 2016",278,1984,2013,1984,2013,Forest,Literatures,3.7,10785.892843957454,12.305147301748725,384.83027700274755,0.7630286348467974,0.3499008128649861,11.669263372655259,9.229097341796265,89.57902546652906,158.9128472778533,0.4246287907545383,0.5327794093352097,0.957408200089748,NA
-93.17,45.42,Finzi_Forest69,"Gill and Finzi, 2016",278,1984,2013,1984,2013,Forest,Literatures,7.5,10785.892843957454,12.305147301748725,384.83027700274755,0.7630286348467974,0.3499008128649861,11.669263372655259,9.229097341796265,89.57902546652906,158.9128472778533,0.4246287907545383,0.5327794093352097,0.957408200089748,NA
-93.17,45.42,Finzi_Forest69,"Gill and Finzi, 2016",278,1984,2013,1984,2013,Forest,Literatures,6.5,10785.892843957454,12.305147301748725,384.83027700274755,0.7630286348467974,0.3499008128649861,11.669263372655259,9.229097341796265,89.57902546652906,158.9128472778533,0.4246287907545383,0.5327794093352097,0.957408200089748,NA
-93.17,45.42,Finzi_Forest69,"Gill and Finzi, 2016",278,1984,2013,1984,2013,Forest,Literatures,8.4,10785.892843957454,12.305147301748725,384.83027700274755,0.7630286348467974,0.3499008128649861,11.669263372655259,9.229097341796265,89.57902546652906,158.9128472778533,0.4246287907545383,0.5327794093352097,0.957408200089748,NA
-93.17,45.42,Finzi_Forest69,"Gill and Finzi, 2016",278,1984,2013,1984,2013,Forest,Literatures,6.6,10785.892843957454,12.305147301748725,384.83027700274755,0.7630286348467974,0.3499008128649861,11.669263372655259,9.229097341796265,89.57902546652906,158.9128472778533,0.4246287907545383,0.5327794093352097,0.957408200089748,NA
-93.17,45.42,Finzi_Forest69,"Gill and Finzi, 2016",278,1984,2013,1984,2013,Forest,Literatures,6.3,10785.892843957454,12.305147301748725,384.83027700274755,0.7630286348467974,0.3499008128649861,11.669263372655259,9.229097341796265,89.57902546652906,158.9128472778533,0.4246287907545383,0.5327794093352097,0.957408200089748,NA
-93.17,45.42,Finzi_Forest69,"Gill and Finzi, 2016",278,1984,2013,1984,2013,Forest,Literatures,11.6,10785.892843957454,12.305147301748725,384.83027700274755,0.7630286348467974,0.3499008128649861,11.669263372655259,9.229097341796265,89.57902546652906,158.9128472778533,0.4246287907545383,0.5327794093352097,0.957408200089748,NA
-93.17,45.42,Finzi_Forest69,"Gill and Finzi, 2016",278,1984,2013,1984,2013,Forest,Literatures,11.3,10785.892843957454,12.305147301748725,384.83027700274755,0.7630286348467974,0.3499008128649861,11.669263372655259,9.229097341796265,89.57902546652906,158.9128472778533,0.4246287907545383,0.5327794093352097,0.957408200089748,NA
-93.17,45.42,Finzi_Forest69,"Gill and Finzi, 2016",278,1984,2013,1984,2013,Forest,Literatures,6.7,10785.892843957454,12.305147301748725,384.83027700274755,0.7630286348467974,0.3499008128649861,11.669263372655259,9.229097341796265,89.57902546652906,158.9128472778533,0.4246287907545383,0.5327794093352097,0.957408200089748,NA
-93.17,45.42,Finzi_Forest69,"Gill and Finzi, 2016",278,1984,2013,1984,2013,Forest,Literatures,6,10785.892843957454,12.305147301748725,384.83027700274755,0.7630286348467974,0.3499008128649861,11.669263372655259,9.229097341796265,89.57902546652906,158.9128472778533,0.4246287907545383,0.5327794093352097,0.957408200089748,NA
-93.17,45.42,Finzi_Forest69,"Gill and Finzi, 2016",278,1984,2013,1984,2013,Forest,Literatures,11,10785.892843957454,12.305147301748725,384.83027700274755,0.7630286348467974,0.3499008128649861,11.669263372655259,9.229097341796265,89.57902546652906,158.9128472778533,0.4246287907545383,0.5327794093352097,0.957408200089748,NA
-93.17,45.42,Finzi_Forest69,"Gill and Finzi, 2016",278,1984,2013,1984,2013,Forest,Literatures,2.9,10785.892843957454,12.305147301748725,384.83027700274755,0.7630286348467974,0.3499008128649861,11.669263372655259,9.229097341796265,89.57902546652906,158.9128472778533,0.4246287907545383,0.5327794093352097,0.957408200089748,NA
-91.85,43.66,Finzi_Forest47,"Gill and Finzi, 2016",344,1984,2013,1984,2013,Forest,Literatures,11.7,11118.030617495164,12.568475245527788,394.1917779409627,0.7196152700340925,0.3527078039548611,7.948631661531266,9.011564822057556,91.19965227220086,140.48577445479606,0.5346238383880029,0.6970859238734612,1.2317097622614641,NA
-91.85,43.66,Finzi_Forest47,"Gill and Finzi, 2016",344,1984,2013,1984,2013,Forest,Literatures,4.6,11118.030617495164,12.568475245527788,394.1917779409627,0.7196152700340925,0.3527078039548611,7.948631661531266,9.011564822057556,91.19965227220086,140.48577445479606,0.5346238383880029,0.6970859238734612,1.2317097622614641,NA
-91.85,43.66,Finzi_Forest47,"Gill and Finzi, 2016",344,1984,2013,1984,2013,Forest,Literatures,5.5,11118.030617495164,12.568475245527788,394.1917779409627,0.7196152700340925,0.3527078039548611,7.948631661531266,9.011564822057556,91.19965227220086,140.48577445479606,0.5346238383880029,0.6970859238734612,1.2317097622614641,NA
-91.85,43.66,Finzi_Forest47,"Gill and Finzi, 2016",344,1984,2013,1984,2013,Forest,Literatures,8.7,11118.030617495164,12.568475245527788,394.1917779409627,0.7196152700340925,0.3527078039548611,7.948631661531266,9.011564822057556,91.19965227220086,140.48577445479606,0.5346238383880029,0.6970859238734612,1.2317097622614641,NA
-91.85,43.66,Finzi_Forest47,"Gill and Finzi, 2016",344,1984,2013,1984,2013,Forest,Literatures,5.1,11118.030617495164,12.568475245527788,394.1917779409627,0.7196152700340925,0.3527078039548611,7.948631661531266,9.011564822057556,91.19965227220086,140.48577445479606,0.5346238383880029,0.6970859238734612,1.2317097622614641,NA
-89.78,46.75,Finzi_Forest75,"Gill and Finzi, 2016",475,1984,2013,1984,2013,Forest,Literatures,8.85,9745.023140896436,11.762882977112877,411.35070857746996,0.6222567480777064,0.4796892494020758,43.22968852424172,12.946277944202453,88.9253370083047,180.793400524489,0.2130450835594764,0.43971825677614945,0.6527633403356259,NA
-89.78,46.75,Finzi_Forest75,"Gill and Finzi, 2016",475,1984,2013,1984,2013,Forest,Literatures,8.87,9745.023140896436,11.762882977112877,411.35070857746996,0.6222567480777064,0.4796892494020758,43.22968852424172,12.946277944202453,88.9253370083047,180.793400524489,0.2130450835594764,0.43971825677614945,0.6527633403356259,NA
-89.78,46.75,Finzi_Forest75,"Gill and Finzi, 2016",475,1984,2013,1984,2013,Forest,Literatures,10.2,9745.023140896436,11.762882977112877,411.35070857746996,0.6222567480777064,0.4796892494020758,43.22968852424172,12.946277944202453,88.9253370083047,180.793400524489,0.2130450835594764,0.43971825677614945,0.6527633403356259,NA
-89.78,46.75,Finzi_Forest75,"Gill and Finzi, 2016",475,1984,2013,1984,2013,Forest,Literatures,10.73,9745.023140896436,11.762882977112877,411.35070857746996,0.6222567480777064,0.4796892494020758,43.22968852424172,12.946277944202453,88.9253370083047,180.793400524489,0.2130450835594764,0.43971825677614945,0.6527633403356259,NA
-89.43,43.07,Finzi_Forest44,"Gill and Finzi, 2016",295,1984,2013,1984,2013,Forest,Literatures,9.9,11037.44785086711,12.308210189297387,390.7690745103212,0.6948592200865238,0.3978277465185183,17.057375145032015,8.988081511564541,89.75874083582048,170.19923225746027,0.49521894179857695,0.7524036696323981,1.247622611430975,NA
-89.43,43.07,Finzi_Forest44,"Gill and Finzi, 2016",295,1984,2013,1984,2013,Forest,Literatures,9.4,11037.44785086711,12.308210189297387,390.7690745103212,0.6948592200865238,0.3978277465185183,17.057375145032015,8.988081511564541,89.75874083582048,170.19923225746027,0.49521894179857695,0.7524036696323981,1.247622611430975,NA
-89.43,43.07,Finzi_Forest44,"Gill and Finzi, 2016",295,1984,2013,1984,2013,Forest,Literatures,8.1,11037.44785086711,12.308210189297387,390.7690745103212,0.6948592200865238,0.3978277465185183,17.057375145032015,8.988081511564541,89.75874083582048,170.19923225746027,0.49521894179857695,0.7524036696323981,1.247622611430975,NA
-89.43,43.07,Finzi_Forest44,"Gill and Finzi, 2016",295,1984,2013,1984,2013,Forest,Literatures,12.5,11037.44785086711,12.308210189297387,390.7690745103212,0.6948592200865238,0.3978277465185183,17.057375145032015,8.988081511564541,89.75874083582048,170.19923225746027,0.49521894179857695,0.7524036696323981,1.247622611430975,NA
-89.43,43.07,Finzi_Forest44,"Gill and Finzi, 2016",295,1984,2013,1984,2013,Forest,Literatures,5.8,11037.44785086711,12.308210189297387,390.7690745103212,0.6948592200865238,0.3978277465185183,17.057375145032015,8.988081511564541,89.75874083582048,170.19923225746027,0.49521894179857695,0.7524036696323981,1.247622611430975,NA
-89.43,43.07,Finzi_Forest44,"Gill and Finzi, 2016",295,1984,2013,1984,2013,Forest,Literatures,6.1,11037.44785086711,12.308210189297387,390.7690745103212,0.6948592200865238,0.3978277465185183,17.057375145032015,8.988081511564541,89.75874083582048,170.19923225746027,0.49521894179857695,0.7524036696323981,1.247622611430975,NA
-89.43,43.07,Finzi_Forest44,"Gill and Finzi, 2016",295,1984,2013,1984,2013,Forest,Literatures,13.5,11037.44785086711,12.308210189297387,390.7690745103212,0.6948592200865238,0.3978277465185183,17.057375145032015,8.988081511564541,89.75874083582048,170.19923225746027,0.49521894179857695,0.7524036696323981,1.247622611430975,NA
-89.18,46.26,Finzi_Forest74,"Gill and Finzi, 2016",492,1984,2013,1984,2013,Forest,Literatures,9.3,9742.329112028496,11.78294065974972,410.01893511350784,0.6223152109473938,0.46665058216183647,44.270533800027415,13.02364510158701,86.78649496884118,182.57606161727136,0.2130450835594764,0.43971825677614945,0.6527633403356259,NA
-88.89,43.67,Finzi_Forest48,"Gill and Finzi, 2016",287,1984,2013,1984,2013,Forest,Literatures,2.6,10892.840757578779,12.036039886736036,388.73710401932334,0.6806759361553334,0.3862090546636555,15.60489979189317,8.998748117595404,90.63599153145762,168.19531163707921,0.3761948530490582,0.7319567707868723,1.1081516238359304,NA
-88.89,43.67,Finzi_Forest48,"Gill and Finzi, 2016",287,1984,2013,1984,2013,Forest,Literatures,6.7,10892.840757578779,12.036039886736036,388.73710401932334,0.6806759361553334,0.3862090546636555,15.60489979189317,8.998748117595404,90.63599153145762,168.19531163707921,0.3761948530490582,0.7319567707868723,1.1081516238359304,NA
-88.89,43.67,Finzi_Forest48,"Gill and Finzi, 2016",287,1984,2013,1984,2013,Forest,Literatures,5.3,10892.840757578779,12.036039886736036,388.73710401932334,0.6806759361553334,0.3862090546636555,15.60489979189317,8.998748117595404,90.63599153145762,168.19531163707921,0.3761948530490582,0.7319567707868723,1.1081516238359304,NA
-88.89,43.67,Finzi_Forest48,"Gill and Finzi, 2016",287,1984,2013,1984,2013,Forest,Literatures,3.9,10892.840757578779,12.036039886736036,388.73710401932334,0.6806759361553334,0.3862090546636555,15.60489979189317,8.998748117595404,90.63599153145762,168.19531163707921,0.3761948530490582,0.7319567707868723,1.1081516238359304,NA
-88.89,43.67,Finzi_Forest48,"Gill and Finzi, 2016",287,1984,2013,1984,2013,Forest,Literatures,2.9,10892.840757578779,12.036039886736036,388.73710401932334,0.6806759361553334,0.3862090546636555,15.60489979189317,8.998748117595404,90.63599153145762,168.19531163707921,0.3761948530490582,0.7319567707868723,1.1081516238359304,NA
-88.89,43.67,Finzi_Forest48,"Gill and Finzi, 2016",287,1984,2013,1984,2013,Forest,Literatures,6,10892.840757578779,12.036039886736036,388.73710401932334,0.6806759361553334,0.3862090546636555,15.60489979189317,8.998748117595404,90.63599153145762,168.19531163707921,0.3761948530490582,0.7319567707868723,1.1081516238359304,NA
-88.89,43.67,Finzi_Forest48,"Gill and Finzi, 2016",287,1984,2013,1984,2013,Forest,Literatures,8.4,10892.840757578779,12.036039886736036,388.73710401932334,0.6806759361553334,0.3862090546636555,15.60489979189317,8.998748117595404,90.63599153145762,168.19531163707921,0.3761948530490582,0.7319567707868723,1.1081516238359304,NA
-88.89,43.67,Finzi_Forest48,"Gill and Finzi, 2016",287,1984,2013,1984,2013,Forest,Literatures,7.8,10892.840757578779,12.036039886736036,388.73710401932334,0.6806759361553334,0.3862090546636555,15.60489979189317,8.998748117595404,90.63599153145762,168.19531163707921,0.3761948530490582,0.7319567707868723,1.1081516238359304,NA
-85.5,44.37,Finzi_Forest56,"Gill and Finzi, 2016",395,1984,2013,1984,2013,Forest,Literatures,5.1,10615.232083432391,11.113923540136259,372.80235985846673,0.634844808173397,0.4732628680964187,46.45995974494353,12.56381404665105,85.02158747902703,174.82954432821063,0.24233220460323188,0.6791750972087567,0.9215073018119886,NA
-85.5,44.37,Finzi_Forest56,"Gill and Finzi, 2016",395,1984,2013,1984,2013,Forest,Literatures,14.3,10615.232083432391,11.113923540136259,372.80235985846673,0.634844808173397,0.4732628680964187,46.45995974494353,12.56381404665105,85.02158747902703,174.82954432821063,0.24233220460323188,0.6791750972087567,0.9215073018119886,NA
-85.5,44.37,Finzi_Forest56,"Gill and Finzi, 2016",395,1984,2013,1984,2013,Forest,Literatures,9.5,10615.232083432391,11.113923540136259,372.80235985846673,0.634844808173397,0.4732628680964187,46.45995974494353,12.56381404665105,85.02158747902703,174.82954432821063,0.24233220460323188,0.6791750972087567,0.9215073018119886,NA
-85.5,44.37,Finzi_Forest56,"Gill and Finzi, 2016",395,1984,2013,1984,2013,Forest,Literatures,13,10615.232083432391,11.113923540136259,372.80235985846673,0.634844808173397,0.4732628680964187,46.45995974494353,12.56381404665105,85.02158747902703,174.82954432821063,0.24233220460323188,0.6791750972087567,0.9215073018119886,NA
-85,45,Finzi_Forest67,"Gill and Finzi, 2016",285,1984,2013,1984,2013,Forest,Literatures,9.9,10660.570710821888,11.10378920971859,379.9507881998622,0.5983144196601664,0.4551530932399875,30.744569313381973,12.837504099373158,90.90079064381577,175.6540437099023,0.24233220460323188,0.6791750972087567,0.9215073018119886,NA
-84.72,45.58,Finzi_Forest70,"Gill and Finzi, 2016",214,1984,2013,1984,2013,Forest,Literatures,4.26,10389.379510645556,11.15774554141015,392.32323233620957,0.5641530106145934,0.44413703759356016,20.544847746543912,13.121488398542649,98.18728622553527,177.5087986428722,0.21530932016097581,0.5734061942650721,0.7887155144260479,NA
-83.53,35.68,Finzi_Forest12,"Gill and Finzi, 2016",529,1984,2013,1984,2013,Forest,Literatures,8.7,12896.971790687534,17.792052389601455,412.7267518019975,0.9430688634322965,0.5642827895193009,37.16469060462818,10.37496640182401,80.75074095313951,118.05649350716385,0.22423822146195632,0.9421050319304833,1.1663432533924396,NA
-83.53,35.68,Finzi_Forest12,"Gill and Finzi, 2016",529,1984,2013,1984,2013,Forest,Literatures,15.2,12896.971790687534,17.792052389601455,412.7267518019975,0.9430688634322965,0.5642827895193009,37.16469060462818,10.37496640182401,80.75074095313951,118.05649350716385,0.22423822146195632,0.9421050319304833,1.1663432533924396,NA
-83.53,35.68,Finzi_Forest12,"Gill and Finzi, 2016",529,1984,2013,1984,2013,Forest,Literatures,13.4,12896.971790687534,17.792052389601455,412.7267518019975,0.9430688634322965,0.5642827895193009,37.16469060462818,10.37496640182401,80.75074095313951,118.05649350716385,0.22423822146195632,0.9421050319304833,1.1663432533924396,NA
-82.31,35.9,Finzi_Forest14,"Gill and Finzi, 2016",855,1984,2013,1984,2013,Forest,Literatures,8.2,12701.022824860756,15.372466505383311,406.74803585373496,0.7652029686362904,0.5982810805646706,45.77112143051127,10.420469302369172,83.16388507720177,120.29761224330174,0.1957992556003424,0.9467840286401602,1.1425832842405026,NA
-82.31,35.9,Finzi_Forest14,"Gill and Finzi, 2016",855,1984,2013,1984,2013,Forest,Literatures,9.8,12701.022824860756,15.372466505383311,406.74803585373496,0.7652029686362904,0.5982810805646706,45.77112143051127,10.420469302369172,83.16388507720177,120.29761224330174,0.1957992556003424,0.9467840286401602,1.1425832842405026,NA
-81.23,36.63,Finzi_Forest15,"Gill and Finzi, 2016",858,1984,2013,1984,2013,Forest,Literatures,9.3,12612.208760990176,14.818597243587849,399.05140693850916,0.7561652820317393,0.5974787361305658,51.54754720879688,10.5120022305819,86.35268373768609,113.31168959876518,0.2539628938986705,0.9431020525785593,1.1970649464772298,NA
-81.23,36.63,Finzi_Forest15,"Gill and Finzi, 2016",858,1984,2013,1984,2013,Forest,Literatures,7.3,12612.208760990176,14.818597243587849,399.05140693850916,0.7561652820317393,0.5974787361305658,51.54754720879688,10.5120022305819,86.35268373768609,113.31168959876518,0.2539628938986705,0.9431020525785593,1.1970649464772298,NA
-80.15,41.64,Finzi_Forest32,"Gill and Finzi, 2016",342,1984,2013,1984,2013,Forest,Literatures,12.1,11411.90925363797,13.182666871521723,377.4311029221886,0.7147163367567084,0.4958430126968909,35.67310522367913,9.59576374853916,86.56332772729584,151.24199706945532,0.32367309813316053,1.093008816242218,1.4166819143753786,NA
-79.25,43.78,Finzi_Forest49,"Gill and Finzi, 2016",160,1984,2013,1984,2013,Forest,Literatures,9.39,10743.184692136145,11.824941467815986,371.8302271581117,0.6128864493081054,0.4045034047570992,14.330205156371994,9.775566094730014,83.17668571385437,171.53000394029897,0.31497061023345363,0.8992609954797305,1.2142316057131841,NA
-79.25,43.78,Finzi_Forest49,"Gill and Finzi, 2016",160,1984,2013,1984,2013,Forest,Literatures,2.34,10743.184692136145,11.824941467815986,371.8302271581117,0.6128864493081054,0.4045034047570992,14.330205156371994,9.775566094730014,83.17668571385437,171.53000394029897,0.31497061023345363,0.8992609954797305,1.2142316057131841,NA
-79.25,43.78,Finzi_Forest49,"Gill and Finzi, 2016",160,1984,2013,1984,2013,Forest,Literatures,0.34,10743.184692136145,11.824941467815986,371.8302271581117,0.6128864493081054,0.4045034047570992,14.330205156371994,9.775566094730014,83.17668571385437,171.53000394029897,0.31497061023345363,0.8992609954797305,1.2142316057131841,NA
-74.27,44.02,Finzi_Forest52,"Gill and Finzi, 2016",504,1984,2013,1984,2013,Forest,Literatures,1.36,9810.068463743843,10.781217796215204,355.02512300813174,0.5868510257596274,0.5419330765300787,55.081887935047746,13.292250456286833,82.87109528230563,166.80374831901983,0.2573913410305977,0.8107494345078101,1.0681407755384078,NA
-74.25,44.08,Finzi_Forest53,"Gill and Finzi, 2016",544,1984,2013,1984,2013,Forest,Literatures,8.12,9764.049737769266,10.65317316319694,354.9519548363038,0.5782255563111154,0.5517287152572214,57.80704742586484,13.57283612148669,82.81132303561614,166.92283423363406,0.2573913410305977,0.8107494345078101,1.0681407755384078,NA
-74.25,44.08,Finzi_Forest53,"Gill and Finzi, 2016",544,1984,2013,1984,2013,Forest,Literatures,7.78,9764.049737769266,10.65317316319694,354.9519548363038,0.5782255563111154,0.5517287152572214,57.80704742586484,13.57283612148669,82.81132303561614,166.92283423363406,0.2573913410305977,0.8107494345078101,1.0681407755384078,NA
-74.25,44.08,Finzi_Forest53,"Gill and Finzi, 2016",544,1984,2013,1984,2013,Forest,Literatures,9.78,9764.049737769266,10.65317316319694,354.9519548363038,0.5782255563111154,0.5517287152572214,57.80704742586484,13.57283612148669,82.81132303561614,166.92283423363406,0.2573913410305977,0.8107494345078101,1.0681407755384078,NA
-74.25,44.08,Finzi_Forest53,"Gill and Finzi, 2016",544,1984,2013,1984,2013,Forest,Literatures,7.21,9764.049737769266,10.65317316319694,354.9519548363038,0.5782255563111154,0.5517287152572214,57.80704742586484,13.57283612148669,82.81132303561614,166.92283423363406,0.2573913410305977,0.8107494345078101,1.0681407755384078,NA
-74.22,44,Finzi_Forest51,"Gill and Finzi, 2016",562,1984,2013,1984,2013,Forest,Literatures,10.69,9736.141344537546,10.61381965394533,354.7653001770063,0.5790711032291016,0.5579216775648661,59.65738364704353,13.673065366173773,82.73527786236289,166.50658604277328,0.2321743254478161,0.9446711425597851,1.1768454680076013,NA
-74.22,44,Finzi_Forest51,"Gill and Finzi, 2016",562,1984,2013,1984,2013,Forest,Literatures,1.45,9736.141344537546,10.61381965394533,354.7653001770063,0.5790711032291016,0.5579216775648661,59.65738364704353,13.673065366173773,82.73527786236289,166.50658604277328,0.2321743254478161,0.9446711425597851,1.1768454680076013,NA
-74.22,44,Finzi_Forest51,"Gill and Finzi, 2016",562,1984,2013,1984,2013,Forest,Literatures,8.24,9736.141344537546,10.61381965394533,354.7653001770063,0.5790711032291016,0.5579216775648661,59.65738364704353,13.673065366173773,82.73527786236289,166.50658604277328,0.2321743254478161,0.9446711425597851,1.1768454680076013,NA
-74.2,44.23,Finzi_Forest55,"Gill and Finzi, 2016",842,1984,2013,1984,2013,Forest,Literatures,1.04,9744.508147258015,9.91685479311282,357.72788383115864,0.5331853816342795,0.6335574997360589,78.69439438657591,14.852116435543651,81.6859023294335,166.7304030859113,0.2573913410305977,0.8107494345078101,1.0681407755384078,NA
-73.99,42.6,Finzi_Forest41,"Gill and Finzi, 2016",317,1984,2013,1984,2013,Forest,Literatures,3.43,10740.230513987224,12.49786729936752,364.6149071859517,0.7322803119115173,0.5303088669169802,50.17915689017639,12.397789326859101,83.93972127424668,156.2712028390244,0.19261412437145525,1.063548376927009,1.2561625012984643,NA
-73.99,42.6,Finzi_Forest41,"Gill and Finzi, 2016",317,1984,2013,1984,2013,Forest,Literatures,2.14,10740.230513987224,12.49786729936752,364.6149071859517,0.7322803119115173,0.5303088669169802,50.17915689017639,12.397789326859101,83.93972127424668,156.2712028390244,0.19261412437145525,1.063548376927009,1.2561625012984643,NA
-73.95,41.05,Finzi_Forest27,"Gill and Finzi, 2016",45,1984,2013,1984,2013,Forest,Literatures,1.39,12396.440489559898,15.160288585102336,395.97540334238835,0.8789841459283821,0.5193654314120517,27.654473740627925,11.702895397660816,87.04250763418042,140.81618204807663,0.17145443650392386,0.9550702113371629,1.1265246478410866,NA
-73.9,44.37,Finzi_Forest57,"Gill and Finzi, 2016",1228,1984,2013,1984,2013,Forest,Literatures,4,9835.21559623533,9.062953759617018,359.9738896122341,0.49550935264628726,0.774287149706757,110.16396763978355,16.509636616288926,79.96324522810745,163.96720617252677,0.20478684569780642,0.81681578205182,1.0216026277496264,NA
-73.9,44.37,Finzi_Forest57,"Gill and Finzi, 2016",1228,1984,2013,1984,2013,Forest,Literatures,9.1,9835.21559623533,9.062953759617018,359.9738896122341,0.49550935264628726,0.774287149706757,110.16396763978355,16.509636616288926,79.96324522810745,163.96720617252677,0.20478684569780642,0.81681578205182,1.0216026277496264,NA
-73.88,40.9,Finzi_Forest26,"Gill and Finzi, 2016",46,1984,2013,1984,2013,Forest,Literatures,8.4,12411.114414924654,15.164314150153757,396.370228123941,0.8772880095723915,0.5178962161932273,27.062950580154506,11.69162385975843,86.81961424456946,140.42505246940607,0.1619718888631234,0.9064565805288461,1.0684284693919694,NA
-73.88,40.9,Finzi_Forest26,"Gill and Finzi, 2016",46,1984,2013,1984,2013,Forest,Literatures,12.51,12411.114414924654,15.164314150153757,396.370228123941,0.8772880095723915,0.5178962161932273,27.062950580154506,11.69162385975843,86.81961424456946,140.42505246940607,0.1619718888631234,0.9064565805288461,1.0684284693919694,NA
-73.84,42.7,Finzi_Forest43,"Gill and Finzi, 2016",83,1984,2013,1984,2013,Forest,Literatures,4.9,11242.837064049061,13.936464250826017,369.2104170130487,0.84309598090325,0.5204304338721084,42.18744991464181,12.031061059822013,85.97055305896647,148.82905152137826,0.19261412437145525,1.063548376927009,1.2561625012984643,NA
-73.81,40.87,Finzi_Forest25,"Gill and Finzi, 2016",0,1984,2013,1984,2013,Forest,Literatures,13.73,12570.859031465585,15.47220656075674,399.52714353968395,0.8919051486847362,0.5135841700991652,22.424817130628913,11.693368775012601,86.94963713910234,138.45743695778245,0.1619718888631234,0.9064565805288461,1.0684284693919694,NA
-73.73,41.13,Finzi_Forest28,"Gill and Finzi, 2016",188,1984,2013,1984,2013,Forest,Literatures,7.09,11891.243421836778,14.037606208352255,385.37905269825745,0.8191913415948845,0.5394328526470967,42.2169694788657,12.306005982863374,86.20794093825367,148.48094703676816,0.17145443650392386,0.9550702113371629,1.1265246478410866,NA
-73.62,41.19,Finzi_Forest29,"Gill and Finzi, 2016",149,1984,2013,1984,2013,Forest,Literatures,15.56,12008.059573494045,14.266469849776565,387.8037851811895,0.8290371636634154,0.5363154894498106,38.886868968276374,12.398576795658219,86.2069774811812,147.36746152936152,0.17145443650392386,0.9550702113371629,1.1265246478410866,NA
-73.49,41.77,Finzi_Forest33,"Gill and Finzi, 2016",303,1984,2013,1984,2013,Forest,Literatures,7.81,11161.191602204663,12.920199974431505,370.8774892702017,0.763063665539151,0.545894053202395,51.06470068556843,12.905082776218155,84.1993299566283,153.80370125340255,0.17145443650392386,0.9550702113371629,1.1265246478410866,NA
-73.31,41.92,Finzi_Forest35,"Gill and Finzi, 2016",341,1984,2013,1984,2013,Forest,Literatures,8,10968.346738924774,12.618064140213457,366.9626693137057,0.7488467359531324,0.548115038694873,54.04038457886526,13.12018807849955,83.4421159477709,154.8129700508502,0.17145443650392386,0.9550702113371629,1.1265246478410866,NA
-72.94,42.64,Finzi_Forest42,"Gill and Finzi, 2016",321,1984,2013,1984,2013,Forest,Literatures,5.98,10662.86565053121,12.32909352027617,361.05239103981035,0.7318281528695667,0.5487401857422237,53.74439441132893,13.597973122605733,83.27489961833183,155.45870463324604,0.18535119065871605,1.0717141674115107,1.2570653580702267,NA
-72.92,41.3,Finzi_Forest30,"Gill and Finzi, 2016",3,1984,2013,1984,2013,Forest,Literatures,4.11,12494.803698803667,14.837245994566434,398.29158760620675,0.8282358902414714,0.533844253539486,26.444879001486754,13.043692746838104,86.66443071621016,146.34887517180033,0.15148275689436838,0.8704002522505246,1.021883009144893,NA
-72.92,41.3,Finzi_Forest30,"Gill and Finzi, 2016",3,1984,2013,1984,2013,Forest,Literatures,8.37,12494.803698803667,14.837245994566434,398.29158760620675,0.8282358902414714,0.533844253539486,26.444879001486754,13.043692746838104,86.66443071621016,146.34887517180033,0.15148275689436838,0.8704002522505246,1.021883009144893,NA
-72.92,41.3,Finzi_Forest30,"Gill and Finzi, 2016",3,1984,2013,1984,2013,Forest,Literatures,5.58,12494.803698803667,14.837245994566434,398.29158760620675,0.8282358902414714,0.533844253539486,26.444879001486754,13.043692746838104,86.66443071621016,146.34887517180033,0.15148275689436838,0.8704002522505246,1.021883009144893,NA
-72.45,43.43,Finzi_Forest45,"Gill and Finzi, 2016",648,1984,2013,1984,2013,Forest,Literatures,1.51,8955.207391128082,9.760537716185771,350.452067916571,0.541059935520692,0.5584494385210481,65.73532664146973,13.939382764060383,85.00252793820903,170.33547484158674,0.1861369896393556,0.9671751650480124,1.153312154687368,NA
-72.44,41.55,Finzi_Forest31,"Gill and Finzi, 2016",126,1984,2013,1984,2013,Forest,Literatures,2.65,11786.205157496912,13.874671399870534,384.6189223615851,0.7961229967051827,0.5329224369349944,42.7950982352509,14.267110034819085,85.54397143286772,149.67501003155002,0.15148275689436838,0.8704002522505246,1.021883009144893,NA
-72.19,42.5,Finzi_Forest38,"Gill and Finzi, 2016",337,1984,2013,1984,2013,Forest,Literatures,8.55,10541.009995288856,12.132645762507599,357.90402072913923,0.7290102599071077,0.5618223612579684,56.2478798527777,14.2633666320645,82.19884366109264,155.72389312443747,0.18535119065871605,1.0717141674115107,1.2570653580702267,NA
-72.19,42.5,Finzi_Forest38,"Gill and Finzi, 2016",337,1984,2013,1984,2013,Forest,Literatures,0.71,10541.009995288856,12.132645762507599,357.90402072913923,0.7290102599071077,0.5618223612579684,56.2478798527777,14.2633666320645,82.19884366109264,155.72389312443747,0.18535119065871605,1.0717141674115107,1.2570653580702267,NA
-72.19,42.5,Finzi_Forest38,"Gill and Finzi, 2016",337,1984,2013,1984,2013,Forest,Literatures,7,10541.009995288856,12.132645762507599,357.90402072913923,0.7290102599071077,0.5618223612579684,56.2478798527777,14.2633666320645,82.19884366109264,155.72389312443747,0.18535119065871605,1.0717141674115107,1.2570653580702267,NA
-72.19,42.5,Finzi_Forest38,"Gill and Finzi, 2016",337,1984,2013,1984,2013,Forest,Literatures,7.09,10541.009995288856,12.132645762507599,357.90402072913923,0.7290102599071077,0.5618223612579684,56.2478798527777,14.2633666320645,82.19884366109264,155.72389312443747,0.18535119065871605,1.0717141674115107,1.2570653580702267,NA
-72.19,42.53,Finzi_Forest40,"Gill and Finzi, 2016",361,1984,2013,1984,2013,Forest,Literatures,3.01,10432.01096868834,11.984511230696851,355.52896475795444,0.7236132030164899,0.5648966884819868,57.82178759330451,14.169071431714542,81.80359103639552,156.22592664240486,0.18535119065871605,1.0717141674115107,1.2570653580702267,NA
-72.17,42.47,Finzi_Forest37,"Gill and Finzi, 2016",268,1984,2013,1984,2013,Forest,Literatures,6.35,10838.676413508614,12.535425325602667,364.5641723361042,0.7424139240399051,0.5523698475121523,51.490504069157495,14.519583953214385,83.35905770572015,154.35554365276963,0.18535119065871605,1.0717141674115107,1.2570653580702267,NA
-72.17,42.47,Finzi_Forest37,"Gill and Finzi, 2016",268,1984,2013,1984,2013,Forest,Literatures,4.4,10838.676413508614,12.535425325602667,364.5641723361042,0.7424139240399051,0.5523698475121523,51.490504069157495,14.519583953214385,83.35905770572015,154.35554365276963,0.18535119065871605,1.0717141674115107,1.2570653580702267,NA
-72.17,42.47,Finzi_Forest37,"Gill and Finzi, 2016",268,1984,2013,1984,2013,Forest,Literatures,5.07,10838.676413508614,12.535425325602667,364.5641723361042,0.7424139240399051,0.5523698475121523,51.490504069157495,14.519583953214385,83.35905770572015,154.35554365276963,0.18535119065871605,1.0717141674115107,1.2570653580702267,NA
-72.17,42.47,Finzi_Forest37,"Gill and Finzi, 2016",268,1984,2013,1984,2013,Forest,Literatures,4,10838.676413508614,12.535425325602667,364.5641723361042,0.7424139240399051,0.5523698475121523,51.490504069157495,14.519583953214385,83.35905770572015,154.35554365276963,0.18535119065871605,1.0717141674115107,1.2570653580702267,NA
-72.17,42.47,Finzi_Forest37,"Gill and Finzi, 2016",268,1984,2013,1984,2013,Forest,Literatures,5.95,10838.676413508614,12.535425325602667,364.5641723361042,0.7424139240399051,0.5523698475121523,51.490504069157495,14.519583953214385,83.35905770572015,154.35554365276963,0.18535119065871605,1.0717141674115107,1.2570653580702267,NA
-72.17,42.47,Finzi_Forest37,"Gill and Finzi, 2016",268,1984,2013,1984,2013,Forest,Literatures,5.77,10838.676413508614,12.535425325602667,364.5641723361042,0.7424139240399051,0.5523698475121523,51.490504069157495,14.519583953214385,83.35905770572015,154.35554365276963,0.18535119065871605,1.0717141674115107,1.2570653580702267,NA
-72.17,42.47,Finzi_Forest37,"Gill and Finzi, 2016",268,1984,2013,1984,2013,Forest,Literatures,5.54,10838.676413508614,12.535425325602667,364.5641723361042,0.7424139240399051,0.5523698475121523,51.490504069157495,14.519583953214385,83.35905770572015,154.35554365276963,0.18535119065871605,1.0717141674115107,1.2570653580702267,NA
-72.17,42.47,Finzi_Forest37,"Gill and Finzi, 2016",268,1984,2013,1984,2013,Forest,Literatures,3.41,10838.676413508614,12.535425325602667,364.5641723361042,0.7424139240399051,0.5523698475121523,51.490504069157495,14.519583953214385,83.35905770572015,154.35554365276963,0.18535119065871605,1.0717141674115107,1.2570653580702267,NA
-72.17,42.5,Finzi_Forest39,"Gill and Finzi, 2016",304,1984,2013,1984,2013,Forest,Literatures,7.34,10678.343793571468,12.318566090134205,361.0110982341105,0.7350023405145594,0.5573229532551369,53.940784771898635,14.38180854906229,82.75318073842972,155.09602894881274,0.18535119065871605,1.0717141674115107,1.2570653580702267,NA
-72.17,42.5,Finzi_Forest39,"Gill and Finzi, 2016",304,1984,2013,1984,2013,Forest,Literatures,7.89,10678.343793571468,12.318566090134205,361.0110982341105,0.7350023405145594,0.5573229532551369,53.940784771898635,14.38180854906229,82.75318073842972,155.09602894881274,0.18535119065871605,1.0717141674115107,1.2570653580702267,NA
-71.75,43.8,Finzi_Forest50,"Gill and Finzi, 2016",178,1984,2013,1984,2013,Forest,Literatures,11.9,10532.420098705674,12.101794664074461,361.4156389411813,0.7038151063103575,0.54910365868565,41.18086745819147,14.778809626081902,83.00841424357664,157.57229286085806,0.1689529871711364,0.8911646489913647,1.060117636162501,NA
-71.75,43.8,Finzi_Forest50,"Gill and Finzi, 2016",178,1984,2013,1984,2013,Forest,Literatures,14.75,10532.420098705674,12.101794664074461,361.4156389411813,0.7038151063103575,0.54910365868565,41.18086745819147,14.778809626081902,83.00841424357664,157.57229286085806,0.1689529871711364,0.8911646489913647,1.060117636162501,NA
-71.75,43.8,Finzi_Forest50,"Gill and Finzi, 2016",178,1984,2013,1984,2013,Forest,Literatures,21.9,10532.420098705674,12.101794664074461,361.4156389411813,0.7038151063103575,0.54910365868565,41.18086745819147,14.778809626081902,83.00841424357664,157.57229286085806,0.1689529871711364,0.8911646489913647,1.060117636162501,NA
-71.75,43.8,Finzi_Forest50,"Gill and Finzi, 2016",178,1984,2013,1984,2013,Forest,Literatures,12.05,10532.420098705674,12.101794664074461,361.4156389411813,0.7038151063103575,0.54910365868565,41.18086745819147,14.778809626081902,83.00841424357664,157.57229286085806,0.1689529871711364,0.8911646489913647,1.060117636162501,NA
-71.75,43.8,Finzi_Forest50,"Gill and Finzi, 2016",178,1984,2013,1984,2013,Forest,Literatures,5.4,10532.420098705674,12.101794664074461,361.4156389411813,0.7038151063103575,0.54910365868565,41.18086745819147,14.778809626081902,83.00841424357664,157.57229286085806,0.1689529871711364,0.8911646489913647,1.060117636162501,NA
-71.75,43.8,Finzi_Forest50,"Gill and Finzi, 2016",178,1984,2013,1984,2013,Forest,Literatures,15,10532.420098705674,12.101794664074461,361.4156389411813,0.7038151063103575,0.54910365868565,41.18086745819147,14.778809626081902,83.00841424357664,157.57229286085806,0.1689529871711364,0.8911646489913647,1.060117636162501,NA
-68.42,44.85,Finzi_Forest66,"Gill and Finzi, 2016",172,1984,2013,1984,2013,Forest,Literatures,9.9,9775.495936182271,10.89096043211686,370.4396443836943,0.5636287094609731,0.5217285004820688,33.346800366182975,13.847257812028346,86.64518421465347,166.68998966038507,0.11277396862323467,0.5772444468278152,0.6900184154510498,NA
-68.42,44.85,Finzi_Forest66,"Gill and Finzi, 2016",172,1984,2013,1984,2013,Forest,Literatures,7.2,9775.495936182271,10.89096043211686,370.4396443836943,0.5636287094609731,0.5217285004820688,33.346800366182975,13.847257812028346,86.64518421465347,166.68998966038507,0.11277396862323467,0.5772444468278152,0.6900184154510498,NA
-68.42,44.85,Finzi_Forest66,"Gill and Finzi, 2016",172,1984,2013,1984,2013,Forest,Literatures,7,9775.495936182271,10.89096043211686,370.4396443836943,0.5636287094609731,0.5217285004820688,33.346800366182975,13.847257812028346,86.64518421465347,166.68998966038507,0.11277396862323467,0.5772444468278152,0.6900184154510498,NA
-54,5.67,Finzi_Forest5,"Gill and Finzi, 2016",0,1984,2013,1984,2013,Forest,Literatures,19.55,15013.93691305112,29.360956292777985,470.1289150375882,1.4521016623936058,0.8609481906389762,76.40117825309228,13.963321953253255,93.38742330749,47.80100874560927,0.05612071617864645,0.06275650557990257,0.11887722175854903,NA
-54,5.67,Finzi_Forest5,"Gill and Finzi, 2016",0,1984,2013,1984,2013,Forest,Literatures,21.37,15013.93691305112,29.360956292777985,470.1289150375882,1.4521016623936058,0.8609481906389762,76.40117825309228,13.963321953253255,93.38742330749,47.80100874560927,0.05612071617864645,0.06275650557990257,0.11887722175854903,NA
-54,5.67,Finzi_Forest5,"Gill and Finzi, 2016",0,1984,2013,1984,2013,Forest,Literatures,24.79,15013.93691305112,29.360956292777985,470.1289150375882,1.4521016623936058,0.8609481906389762,76.40117825309228,13.963321953253255,93.38742330749,47.80100874560927,0.05612071617864645,0.06275650557990257,0.11887722175854903,NA
-54,5.67,Finzi_Forest5,"Gill and Finzi, 2016",0,1984,2013,1984,2013,Forest,Literatures,28.95,15013.93691305112,29.360956292777985,470.1289150375882,1.4521016623936058,0.8609481906389762,76.40117825309228,13.963321953253255,93.38742330749,47.80100874560927,0.05612071617864645,0.06275650557990257,0.11887722175854903,NA
-54,5.67,Finzi_Forest5,"Gill and Finzi, 2016",0,1984,2013,1984,2013,Forest,Literatures,32.82,15013.93691305112,29.360956292777985,470.1289150375882,1.4521016623936058,0.8609481906389762,76.40117825309228,13.963321953253255,93.38742330749,47.80100874560927,0.05612071617864645,0.06275650557990257,0.11887722175854903,NA
2.35,41.79,Finzi_Forest34,"Gill and Finzi, 2016",928,1984,2013,1984,2013,Forest,Literatures,8,13422.095868950255,14.224269465450142,423.6410824533167,0.7712280179773624,0.45102061485690903,47.33788402983864,9.962931870505566,80.04018700887201,140.03893987675312,0.18422362208366394,0.3209898460369844,0.5052134681206484,NA
8.32,53.38,Finzi_Forest77,"Gill and Finzi, 2016",0,1984,2013,1984,2013,Forest,Literatures,4,8835.957586668996,11.701696498017776,279.92724283593935,0.4397639972355912,0.5181514664323797,33.94924422703221,14.949609412173197,88.35219674456334,109.45082800277358,0.5710946940458738,0.6133097616525797,1.1844044556984534,NA
8.32,53.38,Finzi_Forest77,"Gill and Finzi, 2016",0,1984,2013,1984,2013,Forest,Literatures,3.8,8835.957586668996,11.701696498017776,279.92724283593935,0.4397639972355912,0.5181514664323797,33.94924422703221,14.949609412173197,88.35219674456334,109.45082800277358,0.5710946940458738,0.6133097616525797,1.1844044556984534,NA
8.32,53.38,Finzi_Forest77,"Gill and Finzi, 2016",0,1984,2013,1984,2013,Forest,Literatures,4.2,8835.957586668996,11.701696498017776,279.92724283593935,0.4397639972355912,0.5181514664323797,33.94924422703221,14.949609412173197,88.35219674456334,109.45082800277358,0.5710946940458738,0.6133097616525797,1.1844044556984534,NA
11.45,50.45,Finzi_Forest76,"Gill and Finzi, 2016",747,1984,2013,1984,2013,Forest,Literatures,2.1,9245.611030688186,10.101733622897218,304.2496996474446,0.49431220026997114,0.5610896389413318,80.55769636581843,12.8706525826782,94.23809446258757,126.3886869492215,0.7696863160683558,0.9147226466582372,1.684408962726593,NA
11.45,50.45,Finzi_Forest76,"Gill and Finzi, 2016",747,1984,2013,1984,2013,Forest,Literatures,2.5,9245.611030688186,10.101733622897218,304.2496996474446,0.49431220026997114,0.5610896389413318,80.55769636581843,12.8706525826782,94.23809446258757,126.3886869492215,0.7696863160683558,0.9147226466582372,1.684408962726593,NA
11.45,50.45,Finzi_Forest76,"Gill and Finzi, 2016",747,1984,2013,1984,2013,Forest,Literatures,3.9,9245.611030688186,10.101733622897218,304.2496996474446,0.49431220026997114,0.5610896389413318,80.55769636581843,12.8706525826782,94.23809446258757,126.3886869492215,0.7696863160683558,0.9147226466582372,1.684408962726593,NA
11.45,50.45,Finzi_Forest76,"Gill and Finzi, 2016",747,1984,2013,1984,2013,Forest,Literatures,6.4,9245.611030688186,10.101733622897218,304.2496996474446,0.49431220026997114,0.5610896389413318,80.55769636581843,12.8706525826782,94.23809446258757,126.3886869492215,0.7696863160683558,0.9147226466582372,1.684408962726593,NA
28.87,40.19,Finzi_Forest22,"Gill and Finzi, 2016",91,1984,2013,1984,2013,Forest,Literatures,4.7,13016.085426716261,17.31166291737008,409.77968950668196,0.9372127045021948,0.3623329351757726,21.59328726191422,8.826355435024626,79.96086332317738,121.68975474129577,0.7423374331914462,0.4145719512150838,1.15690938440653,NA
28.87,40.19,Finzi_Forest22,"Gill and Finzi, 2016",91,1984,2013,1984,2013,Forest,Literatures,4.7,13016.085426716261,17.31166291737008,409.77968950668196,0.9372127045021948,0.3623329351757726,21.59328726191422,8.826355435024626,79.96086332317738,121.68975474129577,0.7423374331914462,0.4145719512150838,1.15690938440653,NA
28.87,40.19,Finzi_Forest22,"Gill and Finzi, 2016",91,1984,2013,1984,2013,Forest,Literatures,4,13016.085426716261,17.31166291737008,409.77968950668196,0.9372127045021948,0.3623329351757726,21.59328726191422,8.826355435024626,79.96086332317738,121.68975474129577,0.7423374331914462,0.4145719512150838,1.15690938440653,NA
30.97,62.77,Finzi_Forest84,"Gill and Finzi, 2016",138,1984,2013,1984,2013,Forest,Literatures,8.7,6457.004153335288,7.908399788595094,246.17594666145007,0.36208498276829876,0.49446162843915553,70.08825251636856,15.88953122936941,95.05848522940762,121.31063708695072,0.13882569109018034,0.40641086720503294,0.5452365582952132,NA
32.8333,39.92,Finzi_Forest20,"Gill and Finzi, 2016",902,1984,2013,1984,2013,Forest,Literatures,9.6,13535.113643694887,14.803616325999503,430.4383325715003,1.0091341294531804,0.21443526958726744,15.953818022647713,8.24961035771202,86.26898968144512,148.64991206135417,0.34319046483590054,0.36809544838391817,0.7112859132198187,NA
32.8333,39.92,Finzi_Forest20,"Gill and Finzi, 2016",902,1984,2013,1984,2013,Forest,Literatures,18.8,13535.113643694887,14.803616325999503,430.4383325715003,1.0091341294531804,0.21443526958726744,15.953818022647713,8.24961035771202,86.26898968144512,148.64991206135417,0.34319046483590054,0.36809544838391817,0.7112859132198187,NA
34.67,58.65,Finzi_Forest83,"Gill and Finzi, 2016",170,1984,2013,1984,2013,Forest,Literatures,2.92,7066.060722291422,9.205126895737,260.9939800289348,0.41624206209092,0.5170683109057819,85.7876291641191,11.16178981265757,94.45718530807056,122.03404535533038,0.21431825309991837,0.5052812546491623,0.7195995077490807,NA
34.67,58.65,Finzi_Forest83,"Gill and Finzi, 2016",170,1984,2013,1984,2013,Forest,Literatures,2.36,7066.060722291422,9.205126895737,260.9939800289348,0.41624206209092,0.5170683109057819,85.7876291641191,11.16178981265757,94.45718530807056,122.03404535533038,0.21431825309991837,0.5052812546491623,0.7195995077490807,NA
41.68,43.45,Finzi_Forest46,"Gill and Finzi, 2016",2649,1984,2013,1984,2013,Forest,Literatures,2.51,7345.520311449234,6.762345386273809,394.6755857584134,0.6449297520179251,0.4079877278485093,44.17116774943314,11.473546343677622,98.14337703441406,198.0751179343672,0.29292257130146027,0.446411845775751,0.7393344170772113,NA
41.68,43.45,Finzi_Forest46,"Gill and Finzi, 2016",2649,1984,2013,1984,2013,Forest,Literatures,3.6,7345.520311449234,6.762345386273809,394.6755857584134,0.6449297520179251,0.4079877278485093,44.17116774943314,11.473546343677622,98.14337703441406,198.0751179343672,0.29292257130146027,0.446411845775751,0.7393344170772113,NA
41.68,43.45,Finzi_Forest46,"Gill and Finzi, 2016",2649,1984,2013,1984,2013,Forest,Literatures,4.32,7345.520311449234,6.762345386273809,394.6755857584134,0.6449297520179251,0.4079877278485093,44.17116774943314,11.473546343677622,98.14337703441406,198.0751179343672,0.29292257130146027,0.446411845775751,0.7393344170772113,NA
41.68,43.45,Finzi_Forest46,"Gill and Finzi, 2016",2649,1984,2013,1984,2013,Forest,Literatures,2.95,7345.520311449234,6.762345386273809,394.6755857584134,0.6449297520179251,0.4079877278485093,44.17116774943314,11.473546343677622,98.14337703441406,198.0751179343672,0.29292257130146027,0.446411845775751,0.7393344170772113,NA
82.53,24.92,Finzi_Forest8,"Gill and Finzi, 2016",224,1984,2013,1984,2013,Forest,Literatures,20,15412.273464383628,29.973866197269576,485.66351146982447,2.412576762093652,0.29941811096571014,8.519973568778639,8.899582137368968,68.51600884984992,59.74611504826217,1.1236524192186503,0.5430706533101889,1.6667230725288391,NA
82.53,24.92,Finzi_Forest8,"Gill and Finzi, 2016",224,1984,2013,1984,2013,Forest,Literatures,21,15412.273464383628,29.973866197269576,485.66351146982447,2.412576762093652,0.29941811096571014,8.519973568778639,8.899582137368968,68.51600884984992,59.74611504826217,1.1236524192186503,0.5430706533101889,1.6667230725288391,NA
82.53,24.92,Finzi_Forest8,"Gill and Finzi, 2016",224,1984,2013,1984,2013,Forest,Literatures,17,15412.273464383628,29.973866197269576,485.66351146982447,2.412576762093652,0.29941811096571014,8.519973568778639,8.899582137368968,68.51600884984992,59.74611504826217,1.1236524192186503,0.5430706533101889,1.6667230725288391,NA
86,17.82,Finzi_Forest7,"Gill and Finzi, 2016",0,1984,2013,1984,2013,Forest,Literatures,29.2,16559.63075976937,30.616063067451414,491.7100954748965,2.11827875596986,0.37731520774674804,NA,9.12011036779715,64.21262707777225,352.80178769015066,0.21891423486746275,0.17015135288238525,0.389065587749848,NA
86,17.82,Finzi_Forest7,"Gill and Finzi, 2016",0,1984,2013,1984,2013,Forest,Literatures,64.4,16559.63075976937,30.616063067451414,491.7100954748965,2.11827875596986,0.37731520774674804,NA,9.12011036779715,64.21262707777225,352.80178769015066,0.21891423486746275,0.17015135288238525,0.389065587749848,NA
86,17.82,Finzi_Forest7,"Gill and Finzi, 2016",0,1984,2013,1984,2013,Forest,Literatures,45,16559.63075976937,30.616063067451414,491.7100954748965,2.11827875596986,0.37731520774674804,NA,9.12011036779715,64.21262707777225,352.80178769015066,0.21891423486746275,0.17015135288238525,0.389065587749848,NA
86,17.82,Finzi_Forest7,"Gill and Finzi, 2016",0,1984,2013,1984,2013,Forest,Literatures,81.6,16559.63075976937,30.616063067451414,491.7100954748965,2.11827875596986,0.37731520774674804,NA,9.12011036779715,64.21262707777225,352.80178769015066,0.21891423486746275,0.17015135288238525,0.389065587749848,NA
92.23,11.5,Finzi_Forest6,"Gill and Finzi, 2016",0,1984,2013,1984,2013,Forest,Literatures,39.43,14971.318153724778,28.997443137237898,482.5965490167448,1.1835099243059457,0.9082892127224172,24.288146972656254,10.107126696710392,77.3253894396836,NA,0.13503685364356408,0.10948412521527363,0.24452097885883772,NA
92.23,11.5,Finzi_Forest6,"Gill and Finzi, 2016",0,1984,2013,1984,2013,Forest,Literatures,44.27,14971.318153724778,28.997443137237898,482.5965490167448,1.1835099243059457,0.9082892127224172,24.288146972656254,10.107126696710392,77.3253894396836,NA,0.13503685364356408,0.10948412521527363,0.24452097885883772,NA
92.23,11.5,Finzi_Forest6,"Gill and Finzi, 2016",0,1984,2013,1984,2013,Forest,Literatures,52.15,14971.318153724778,28.997443137237898,482.5965490167448,1.1835099243059457,0.9082892127224172,24.288146972656254,10.107126696710392,77.3253894396836,NA,0.13503685364356408,0.10948412521527363,0.24452097885883772,NA
102.53,31.58,Finzi_Forest9,"Gill and Finzi, 2016",4520,1984,2013,1984,2013,Forest,Literatures,3.2,13728.375915899254,7.899939081737012,465.5582737147354,0.9733306156174334,0.32216253551628765,28.462358638372294,9.218827042824119,88.5178106271145,209.72457835167984,0.7747998971205491,0.3850730359554291,1.1598729330759783,NA
115.45,40.02,Finzi_Forest21,"Gill and Finzi, 2016",1671,1984,2013,1984,2013,Forest,Literatures,1.21,10031.808780170357,11.726462544292332,474.13383526255916,1.0259088098135343,0.24309457418864805,11.386986980799872,8.69092563153508,72.61739732296162,182.57897687546006,0.7162844103116256,0.41713043932731336,1.133414849638939,NA
127.08,37.45,Finzi_Forest16,"Gill and Finzi, 2016",154,1984,2013,1984,2013,Forest,Literatures,4.03,11944.334295528373,14.633108586939962,401.9625685877262,0.7808878114061925,0.4053412397665586,13.562181347099575,9.481698147916278,83.25877167215285,119.82671701467518,0.4935918599367142,0.7741585007080665,1.2677503606447806,NA
127.08,37.45,Finzi_Forest16,"Gill and Finzi, 2016",154,1984,2013,1984,2013,Forest,Literatures,-0.54,11944.334295528373,14.633108586939962,401.9625685877262,0.7808878114061925,0.4053412397665586,13.562181347099575,9.481698147916278,83.25877167215285,119.82671701467518,0.4935918599367142,0.7741585007080665,1.2677503606447806,NA
127.08,37.45,Finzi_Forest16,"Gill and Finzi, 2016",154,1984,2013,1984,2013,Forest,Literatures,0.71,11944.334295528373,14.633108586939962,401.9625685877262,0.7808878114061925,0.4053412397665586,13.562181347099575,9.481698147916278,83.25877167215285,119.82671701467518,0.4935918599367142,0.7741585007080665,1.2677503606447806,NA
128.57,37.5,Finzi_Forest17,"Gill and Finzi, 2016",630,1984,2013,1984,2013,Forest,Literatures,4.4,11339.532319183203,12.957954016140285,396.2262631244419,0.6894730184838436,0.528296380298156,33.620593361157844,11.703907874230563,87.7391740106017,171.97217435728626,0.45135153142305523,0.6986287648861225,1.1499802963091776,NA
128.57,37.5,Finzi_Forest17,"Gill and Finzi, 2016",630,1984,2013,1984,2013,Forest,Literatures,9.2,11339.532319183203,12.957954016140285,396.2262631244419,0.6894730184838436,0.528296380298156,33.620593361157844,11.703907874230563,87.7391740106017,171.97217435728626,0.45135153142305523,0.6986287648861225,1.1499802963091776,NA
128.57,37.5,Finzi_Forest17,"Gill and Finzi, 2016",630,1984,2013,1984,2013,Forest,Literatures,11.2,11339.532319183203,12.957954016140285,396.2262631244419,0.6894730184838436,0.528296380298156,33.620593361157844,11.703907874230563,87.7391740106017,171.97217435728626,0.45135153142305523,0.6986287648861225,1.1499802963091776,NA
145.58,-37.63,Finzi_Forest1,"Gill and Finzi, 2016",241,1984,2013,1984,2013,Forest,Literatures,1.91,13289.041179414126,17.081396993272243,424.609158024432,1.0589727078200308,0.5844002777025917,12.727259635925293,10.44720234087462,115.01156079745891,111.40166424327006,0.11401360195416671,0.21046439558267593,0.32447799753684264,NA
146.29,-26.56,Finzi_Forest3,"Gill and Finzi, 2016",296,1984,2013,1984,2013,Forest,Literatures,10.17,17384.16258650788,25.9175477850185,548.1816898683419,2.3231296292605434,0.21034094005707143,13.88973854683166,8.633011862428312,108.67898251090374,53.162269090952684,0.07965793575231846,0.10678991417472179,0.18644784992704025,NA
146.45,-26.45,Finzi_Forest4,"Gill and Finzi, 2016",355,1984,2013,1984,2013,Forest,Literatures,11.55,17367.411187957405,25.65055505550722,547.218805031102,2.2825023457331115,0.23201104568852274,18.949240480420933,8.660993415681483,101.22720517953589,57.46103150820303,0.07965793575231846,0.10678991417472179,0.18644784992704025,NA
148.3,-27.96,Finzi_Forest2,"Gill and Finzi, 2016",215,1984,2013,1984,2013,Forest,Literatures,11.33,16982.19138989968,25.26541986874669,534.6967807256425,2.080172946578145,0.21477472662465005,18.458980416550347,8.646137919679932,99.87140315351292,54.95790182660883,0.08843817160679744,0.12197260157420085,0.2104107731809983,NA
